<?xml version="1.0" encoding="UTF-8"?>
<!DOCTYPE mapping PUBLIC "-//EXOLAB/Castor Mapping DTD Version 1.0//EN" "http://castor.org/mapping.dtd">
<mapping>
    <description>Mapping of bulk elements to objects</description>
    
    <!-- mapping for class 'BulkContainerElement' -->
    <class name="BulkContainerElement" extends="AbstractElement">
        <field name="scheme"><bind-xml node="attribute"/></field>
        <field name="dataFiles" collection="array" type="AssetElement"><bind-xml name="data_file" node="element"/></field>
    </class>

</mapping>
