<?xml version="1.0" encoding="UTF-8"?>
<!DOCTYPE plist PUBLIC "-//Apple//DTD PLIST 1.0//EN" "http://www.apple.com/DTDs/PropertyList-1.0.dtd">
<plist version="1.0">
<dict>
    <!-- Asset Only Info -->
    <key>Package Type</key>
    <string>10000</string>
    <key>Media Type</key>
    <string>10010</string>
    <key>Vendor ID</key>
    <string>10020</string>

    <!-- Assets Info -->
    <key>Assets Table View</key>
    <string>20000</string>
    <key>Assets Add Asset Button</key>
    <string>20010</string>
    <key>Assets Remove Asset Button</key>
    <string>20020</string>
    <key>Assets Data File Table View</key>
    <string>20030</string>
    <key>Assets Data File Add Button</key>
    <string>20040</string>
    <key>Assets Data File Remove Button</key>
    <string>20050</string>
    <key>Assets Territories Table View</key>
    <string>20060</string>
    <key>Assets Territories Add Button</key>
    <string>20070</string>
    <key>Assets Territories Remove Button</key>
    <string>20080</string>

    <!-- Assets Info Details -->
    <key>Assets File Well</key>
    <string>20100</string>
    <key>Assets File Choose Button</key>
    <string>20110</string>
    <key>Assets Attributes Table View</key>
    <string>20120</string>
    <key>Assets Attributes Add Button</key>
    <string>20130</string>
    <key>Assets Attributes Remove Button</key>
    <string>20140</string>
    <key>Assets File Name</key>
    <string>20200</string>
    <key>Assets File Size</key>
    <string>20210</string>
    <key>Assets File Checksum</key>
    <string>20220</string>
    <key>Assets File Checksum Button</key>
    <string>20230</string>
    <key>Assets Locale</key>
    <string>20240</string>

    <!-- Assets Preview -->
    <!-- Nada so far    -->

    <!-- Delivery -->
    <key>Delivery Problems Table View</key>
    <string>30000</string>
    <key>Deliver Button</key>
    <string>30010</string>
</dict>
</plist>
