<?xml version="1.0" encoding="UTF-8"?>
<!DOCTYPE plist PUBLIC "-//Apple//DTD PLIST 1.0//EN" "http://www.apple.com/DTDs/PropertyList-1.0.dtd">
<plist version="1.0">
    <array>
    <dict>
        <key>name</key>
        <string>AED - United Arab Emirates Dirham</string>
        <key>code</key>
        <string>AED</string>
    </dict>
    <dict>
        <key>name</key>
        <string>ALL - Albanian Lek</string>
        <key>code</key>
        <string>ALL</string>
    </dict>
    <dict>
        <key>name</key>
        <string>AMD - Armenian Dram</string>
        <key>code</key>
        <string>AMD</string>
    </dict>
    <dict>
        <key>name</key>
        <string>ANG - West Indian Guilder</string>
        <key>code</key>
        <string>ANG</string>
    </dict>
    <dict>
        <key>name</key>
        <string>AOA - Angolan Kwanza</string>
        <key>code</key>
        <string>AOA</string>
    </dict>
    <dict>
        <key>name</key>
        <string>AUD - Australian Dollar</string>
        <key>code</key>
        <string>AUD</string>
    </dict>
    <dict>
        <key>name</key>
        <string>BAM - Bosnia-Herzogovinian C-Mark</string>
        <key>code</key>
        <string>BAM</string>
    </dict>
    <dict>
        <key>name</key>
        <string>BBD - Barbados Dollar</string>
        <key>code</key>
        <string>BBD</string>
    </dict>
    <dict>
        <key>name</key>
        <string>BDT - Bangladesh Taka</string>
        <key>code</key>
        <string>BDT</string>
    </dict>
    <dict>
        <key>name</key>
        <string>BGN - Bulgarian Lev</string>
        <key>code</key>
        <string>BGN</string>
    </dict>
    <dict>
        <key>name</key>
        <string>BHD - Bahrain Dinar</string>
        <key>code</key>
        <string>BHD</string>
    </dict>
    <dict>
        <key>name</key>
        <string>BIF - Burundi Franc</string>
        <key>code</key>
        <string>BIF</string>
    </dict>
    <dict>
        <key>name</key>
        <string>BOB - Bolivian Peso</string>
        <key>code</key>
        <string>BOB</string>
    </dict>
    <dict>
        <key>name</key>
        <string>BRL - Brazilian Real</string>
        <key>code</key>
        <string>BRL</string>
    </dict>
    <dict>
        <key>name</key>
        <string>BSD - Bahaman Dollar</string>
        <key>code</key>
        <string>BSD</string>
    </dict>
    <dict>
        <key>name</key>
        <string>BWP - Botswana Pula</string>
        <key>code</key>
        <string>BWP</string>
    </dict>
    <dict>
        <key>name</key>
        <string>BYR - Belarusian Ruble</string>
        <key>code</key>
        <string>BYR</string>
    </dict>
    <dict>
        <key>name</key>
        <string>BZD - Belize Dollar</string>
        <key>code</key>
        <string>BZD</string>
    </dict>
    <dict>
        <key>name</key>
        <string>CAD - Canadian Dollar</string>
        <key>code</key>
        <string>CAD</string>
    </dict>
    <dict>
        <key>name</key>
        <string>CDF - Congolese Franc</string>
        <key>code</key>
        <string>CDF</string>
    </dict>
    <dict>
        <key>name</key>
        <string>CHF - Swiss Franc</string>
        <key>code</key>
        <string>CHF</string>
    </dict>
    <dict>
        <key>name</key>
        <string>CLP - Chilean Peso</string>
        <key>code</key>
        <string>CLP</string>
    </dict>
    <dict>
        <key>name</key>
        <string>CNY - Chinese Yuan</string>
        <key>code</key>
        <string>CNY</string>
    </dict>
    <dict>
        <key>name</key>
        <string>COP - Colombian Peso</string>
        <key>code</key>
        <string>COP</string>
    </dict>
    <dict>
        <key>name</key>
        <string>CRC - Costa Rica Colon</string>
        <key>code</key>
        <string>CRC</string>
    </dict>
    <dict>
        <key>name</key>
        <string>CVE - Cape Verde Escudo</string>
        <key>code</key>
        <string>CVE</string>
    </dict>
    <dict>
        <key>name</key>
        <string>CZK - Czech Krona</string>
        <key>code</key>
        <string>CZK</string>
    </dict>
    <dict>
        <key>name</key>
        <string>DJF - Djibouti Franc</string>
        <key>code</key>
        <string>DJF</string>
    </dict>
    <dict>
        <key>name</key>
        <string>DKK - Danish Krone</string>
        <key>code</key>
        <string>DKK</string>
    </dict>
    <dict>
        <key>name</key>
        <string>DOP - Dominican Peso</string>
        <key>code</key>
        <string>DOP</string>
    </dict>
    <dict>
        <key>name</key>
        <string>DZD - Algerian Dinar</string>
        <key>code</key>
        <string>DZD</string>
    </dict>
    <dict>
        <key>name</key>
        <string>EGP - Egyptian Pound</string>
        <key>code</key>
        <string>EGP</string>
    </dict>
    <dict>
        <key>name</key>
        <string>ERN - Eritrean Nakfa</string>
        <key>code</key>
        <string>ERN</string>
    </dict>
    <dict>
        <key>name</key>
        <string>ETB - Ethiopian Birr</string>
        <key>code</key>
        <string>ETB</string>
    </dict>
    <dict>
        <key>name</key>
        <string>EUR - Euro</string>
        <key>code</key>
        <string>EUR</string>
    </dict>
    <dict>
        <key>name</key>
        <string>FJD - Fiji Dollar</string>
        <key>code</key>
        <string>FJD</string>
    </dict>
    <dict>
        <key>name</key>
        <string>GBP - British Pound</string>
        <key>code</key>
        <string>GBP</string>
    </dict>
    <dict>
        <key>name</key>
        <string>GEL - Georgian Lari</string>
        <key>code</key>
        <string>GEL</string>
    </dict>
    <dict>
        <key>name</key>
        <string>GHS - Ghanaian Cedi</string>
        <key>code</key>
        <string>GHS</string>
    </dict>
    <dict>
        <key>name</key>
        <string>GMD - Gambian Dalasi</string>
        <key>code</key>
        <string>GMD</string>
    </dict>
    <dict>
        <key>name</key>
        <string>GNF - Guinea Franc</string>
        <key>code</key>
        <string>GNF</string>
    </dict>
    <dict>
        <key>name</key>
        <string>GTQ - Guatemalan Quetzal</string>
        <key>code</key>
        <string>GTQ</string>
    </dict>
    <dict>
        <key>name</key>
        <string>GYD - Guyanese Dollar</string>
        <key>code</key>
        <string>GYD</string>
    </dict>
    <dict>
        <key>name</key>
        <string>HKD - Hong Kong Dollar</string>
        <key>code</key>
        <string>HKD</string>
    </dict>
    <dict>
        <key>name</key>
        <string>HNL - Honduran Lempira</string>
        <key>code</key>
        <string>HNL</string>
    </dict>
    <dict>
        <key>name</key>
        <string>HRK - Croatian Kuna</string>
        <key>code</key>
        <string>HRK</string>
    </dict>
    <dict>
        <key>name</key>
        <string>HTG - Haitian Gourde</string>
        <key>code</key>
        <string>HTG</string>
    </dict>
    <dict>
        <key>name</key>
        <string>HUF - Hungarian Forint</string>
        <key>code</key>
        <string>HUF</string>
    </dict>
    <dict>
        <key>name</key>
        <string>IDR - Indonesian Rupiah</string>
        <key>code</key>
        <string>IDR</string>
    </dict>
    <dict>
        <key>name</key>
        <string>ILS - Israeli Scheckel</string>
        <key>code</key>
        <string>ILS</string>
    </dict>
    <dict>
        <key>name</key>
        <string>INR - Indian Rupee</string>
        <key>code</key>
        <string>INR</string>
    </dict>
    <dict>
        <key>name</key>
        <string>IQD - Iraqui Dinar</string>
        <key>code</key>
        <string>IQD</string>
    </dict>
    <dict>
        <key>name</key>
        <string>JMD - Jamaican Dollar</string>
        <key>code</key>
        <string>JMD</string>
    </dict>
    <dict>
        <key>name</key>
        <string>JOD - Jordanian Dinar</string>
        <key>code</key>
        <string>JOD</string>
    </dict>
    <dict>
        <key>name</key>
        <string>JPY - Japanese Yen</string>
        <key>code</key>
        <string>JPY</string>
    </dict>
    <dict>
        <key>name</key>
        <string>KES - Kenyan Shilling</string>
        <key>code</key>
        <string>KES</string>
    </dict>
    <dict>
        <key>name</key>
        <string>KHR - Cambodian Riel</string>
        <key>code</key>
        <string>KHR</string>
    </dict>
    <dict>
        <key>name</key>
        <string>KRW - South Korean Won</string>
        <key>code</key>
        <string>KRW</string>
    </dict>
    <dict>
        <key>name</key>
        <string>KWD - Kuwaiti Dinar</string>
        <key>code</key>
        <string>KWD</string>
    </dict>
    <dict>
        <key>name</key>
        <string>KZT - Kazakhstani Tenge</string>
        <key>code</key>
        <string>KZT</string>
    </dict>
    <dict>
        <key>name</key>
        <string>LBP - Lebanese Pound</string>
        <key>code</key>
        <string>LBP</string>
    </dict>
    <dict>
        <key>name</key>
        <string>LKR - Sri Lankan Rupee</string>
        <key>code</key>
        <string>LKR</string>
    </dict>
    <dict>
        <key>name</key>
        <string>LRD - Liberian Dollar</string>
        <key>code</key>
        <string>LRD</string>
    </dict>
    <dict>
        <key>name</key>
        <string>LSL - Lesotho Loti</string>
        <key>code</key>
        <string>LSL</string>
    </dict>
    <dict>
        <key>name</key>
        <string>LTL - Lithuanian Lita</string>
        <key>code</key>
        <string>LTL</string>
    </dict>
    <dict>
        <key>name</key>
        <string>LVL - Latvian Lat</string>
        <key>code</key>
        <string>LVL</string>
    </dict>
    <dict>
        <key>name</key>
        <string>MAD - Moroccan Dirham</string>
        <key>code</key>
        <string>MAD</string>
    </dict>
    <dict>
        <key>name</key>
        <string>MGA - Malagasy Ariary</string>
        <key>code</key>
        <string>MGA</string>
    </dict>
    <dict>
        <key>name</key>
        <string>MNT - Mongolian Tugrik</string>
        <key>code</key>
        <string>MNT</string>
    </dict>
    <dict>
        <key>name</key>
        <string>MRO - Mauritanian Ouguiya</string>
        <key>code</key>
        <string>MRO</string>
    </dict>
    <dict>
        <key>name</key>
        <string>MUR - Mauritian Rupee</string>
        <key>code</key>
        <string>MUR</string>
    </dict>
    <dict>
        <key>name</key>
        <string>MWK - Malawi Kwacha</string>
        <key>code</key>
        <string>MWK</string>
    </dict>
    <dict>
        <key>name</key>
        <string>MXN - Mexican Peso</string>
        <key>code</key>
        <string>MXN</string>
    </dict>
    <dict>
        <key>name</key>
        <string>MYR - Malaysian Ringgit</string>
        <key>code</key>
        <string>MYR</string>
    </dict>
    <dict>
        <key>name</key>
        <string>MZN - Mozambican Metical</string>
        <key>code</key>
        <string>MZN</string>
    </dict>
    <dict>
        <key>name</key>
        <string>NAD - Namibian Dollar</string>
        <key>code</key>
        <string>NAD</string>
    </dict>
    <dict>
        <key>name</key>
        <string>NGN - Nigerian Naira</string>
        <key>code</key>
        <string>NGN</string>
    </dict>
    <dict>
        <key>name</key>
        <string>NIO - Nicaraguan Cordoba</string>
        <key>code</key>
        <string>NIO</string>
    </dict>
    <dict>
        <key>name</key>
        <string>NOK - Norwegian Krone</string>
        <key>code</key>
        <string>NOK</string>
    </dict>
    <dict>
        <key>name</key>
        <string>NPR - Nepalese Rupee</string>
        <key>code</key>
        <string>NPR</string>
    </dict>
    <dict>
        <key>name</key>
        <string>NZD - New Zealand Dollar</string>
        <key>code</key>
        <string>NZD</string>
    </dict>
    <dict>
        <key>name</key>
        <string>OMR - Omani Rial</string>
        <key>code</key>
        <string>OMR</string>
    </dict>
    <dict>
        <key>name</key>
        <string>PEN - Peruvian Nuevo Sol</string>
        <key>code</key>
        <string>PEN</string>
    </dict>
    <dict>
        <key>name</key>
        <string>PGK - Papua New Guinea Kina</string>
        <key>code</key>
        <string>PGK</string>
    </dict>
    <dict>
        <key>name</key>
        <string>PHP - Philippino Peso</string>
        <key>code</key>
        <string>PHP</string>
    </dict>
    <dict>
        <key>name</key>
        <string>PKR - Pakistani Rupee</string>
        <key>code</key>
        <string>PKR</string>
    </dict>
    <dict>
        <key>name</key>
        <string>PLN - Polish Zloty</string>
        <key>code</key>
        <string>PLN</string>
    </dict>
    <dict>
        <key>name</key>
        <string>PYG - Paraguayan Guarani</string>
        <key>code</key>
        <string>PYG</string>
    </dict>
    <dict>
        <key>name</key>
        <string>QAR - Qatar Riyal</string>
        <key>code</key>
        <string>QAR</string>
    </dict>
    <dict>
        <key>name</key>
        <string>RON - Romanian Leu</string>
        <key>code</key>
        <string>RON</string>
    </dict>
    <dict>
        <key>name</key>
        <string>RSD - Serbian Dinar</string>
        <key>code</key>
        <string>RSD</string>
    </dict>
    <dict>
        <key>name</key>
        <string>RUB - Russian Rouble</string>
        <key>code</key>
        <string>RUB</string>
    </dict>
    <dict>
        <key>name</key>
        <string>RWF - Rwanda Franc</string>
        <key>code</key>
        <string>RWF</string>
    </dict>
    <dict>
        <key>name</key>
        <string>SAR - Saudi Riyal</string>
        <key>code</key>
        <string>SAR</string>
    </dict>
    <dict>
        <key>name</key>
        <string>SBD - Solomon Islands Dollar</string>
        <key>code</key>
        <string>SBD</string>
    </dict>
    <dict>
        <key>name</key>
        <string>SEK - Swedish Krona</string>
        <key>code</key>
        <string>SEK</string>
    </dict>
    <dict>
        <key>name</key>
        <string>SGD - Singapore Dollar</string>
        <key>code</key>
        <string>SGD</string>
    </dict>
    <dict>
        <key>name</key>
        <string>SLL - Sierra Leonean Leone</string>
        <key>code</key>
        <string>SLL</string>
    </dict>
    <dict>
        <key>name</key>
        <string>SRD - Surinamese Dollar</string>
        <key>code</key>
        <string>SRD</string>
    </dict>
    <dict>
        <key>name</key>
        <string>STD - Sao Tome and Principe Dobra</string>
        <key>code</key>
        <string>STD</string>
    </dict>
    <dict>
        <key>name</key>
        <string>SZL - Swaziland Lilangeni</string>
        <key>code</key>
        <string>SZL</string>
    </dict>
    <dict>
        <key>name</key>
        <string>THB - Thai Bhat</string>
        <key>code</key>
        <string>THB</string>
    </dict>
    <dict>
        <key>name</key>
        <string>TND - Tunisian Dinar</string>
        <key>code</key>
        <string>TND</string>
    </dict>
    <dict>
        <key>name</key>
        <string>TOP - Tongan Pa'anga</string>
        <key>code</key>
        <string>TOP</string>
    </dict>
    <dict>
        <key>name</key>
        <string>TRY - Turkish Lira</string>
        <key>code</key>
        <string>TRY</string>
    </dict>
    <dict>
        <key>name</key>
        <string>TTD - Trinidad and Tobago Dollar</string>
        <key>code</key>
        <string>TTD</string>
    </dict>
    <dict>
        <key>name</key>
        <string>TWD - New Taiwan Dollar</string>
        <key>code</key>
        <string>TWD</string>
    </dict>
    <dict>
        <key>name</key>
        <string>TZS - Tanzanian Shilling</string>
        <key>code</key>
        <string>TZS</string>
    </dict>
    <dict>
        <key>name</key>
        <string>UGX - Ugandan Shilling</string>
        <key>code</key>
        <string>UGX</string>
    </dict>
    <dict>
        <key>name</key>
        <string>USD - US Dollar</string>
        <key>code</key>
        <string>USD</string>
    </dict>
    <dict>
        <key>name</key>
        <string>UYU - Uruguayan Peso</string>
        <key>code</key>
        <string>UYU</string>
    </dict>
    <dict>
        <key>name</key>
        <string>VND - Vietnamese Dong</string>
        <key>code</key>
        <string>VND</string>
    </dict>
    <dict>
        <key>name</key>
        <string>VUV - Vanuatu Vatu</string>
        <key>code</key>
        <string>VUV</string>
    </dict>
    <dict>
        <key>name</key>
        <string>WST - Samoan Tala</string>
        <key>code</key>
        <string>WST</string>
    </dict>
    <dict>
        <key>name</key>
        <string>XAF - C.F.A. BEAC Franc</string>
        <key>code</key>
        <string>XAF</string>
    </dict>
    <dict>
        <key>name</key>
        <string>XCD - East Carribean Dollar</string>
        <key>code</key>
        <string>XCD</string>
    </dict>
    <dict>
        <key>name</key>
        <string>XOF - C.F.A. BCEAO Franc</string>
        <key>code</key>
        <string>XOF</string>
    </dict>
    <dict>
        <key>name</key>
        <string>XPF - CFP Franc</string>
        <key>code</key>
        <string>XPF</string>
    </dict>
    <dict>
        <key>name</key>
        <string>ZAR - South African Rand</string>
        <key>code</key>
        <string>ZAR</string>
    </dict>
    <dict>
        <key>name</key>
        <string>ZMK - Zambian Kwacha</string>
        <key>code</key>
        <string>ZMK</string>
    </dict>
    </array>
</plist>