<?xml version="1.0" encoding="UTF-8"?>
<!DOCTYPE plist PUBLIC "-//Apple//DTD PLIST 1.0//EN" "http://www.apple.com/DTDs/PropertyList-1.0.dtd">
<plist version="1.0">
<dict>
	<key>MPAA (United States)</key>
	<string>mpaa</string>
	<key>OFLC (Australia)</key>
	<string>au-oflc</string>
	<key>CHVRSA (Canada)</key>
	<string>ca-chvrsa</string>
	<key>FSK (Germany)</key>
	<string>de-fsk</string>
	<key>CNC (France)</key>
	<string>fr-cnc</string>
	<key>EIRIN (Japan)</key>
	<string>jp-eirin</string>
	<key>OFLC (New Zealand)</key>
	<string>nz-oflc</string>
	<key>BBFC (United Kingdom)</key>
	<string>bbfc</string>
</dict>
</plist>
