<?xml version="1.0" encoding="UTF-8"?>
<!DOCTYPE plist PUBLIC "-//Apple//DTD PLIST 1.0//EN" "http://www.apple.com/DTDs/PropertyList-1.0.dtd">
<plist version="1.0">
<dict>
    <key>mpaa</key>
    <dict>
        <key>codes</key>
        <dict>
            <key>G</key>
            <string>G</string>
            <key>PG</key>
            <string>PG</string>
            <key>PG-13</key>
            <string>PG-13</string>
            <key>R</key>
            <string>R</string>
            <key>NC-17</key>
            <string>NC-17</string>
            <key>Unrated</key>
            <string>UR</string>
            <key>Not Rated</key>
            <string>NR</string>
        </dict>
        <key>allowed</key>
        <array>
            <string>G</string>
            <string>PG</string>
            <string>PG-13</string>
            <string>R</string>
            <string>NC-17</string>
            <string>Unrated</string>
            <string>Not Rated</string>
        </array>        
    </dict>
    <key>au-oflc</key>
    <dict>
        <key>codes</key>
        <dict>
            <key>Not Rated</key>
            <string>Not Rated</string>
            <key>G</key>
            <string>G</string>
            <key>PG</key>
            <string>PG</string>
            <key>M</key>
            <string>M</string>
            <key>MA15+</key>
            <string>MA15+</string>
            <key>R18+</key>
            <string>R18+</string>
        </dict>
        <key>allowed</key>
        <array>
            <string>Not Rated</string>
            <string>G</string>
            <string>PG</string>
            <string>M</string>
            <string>MA15+</string>
            <string>R18+</string>
        </array>
    </dict>
    <key>ca-chvrsa</key>
    <dict>
        <key>codes</key>
        <dict>
            <key>Not Rated</key>
            <string>Not Rated</string>
            <key>G</key>
            <string>G</string>
            <key>PG</key>
            <string>PG</string>
            <key>14A</key>
            <string>14A</string>
            <key>18A</key>
            <string>18A</string>
            <key>R</key>
            <string>R</string>
            <key>Exempt</key>
            <string>E</string>
            <key>Unrated</key>
            <string>Unrated</string>
        </dict>
        <key>allowed</key>
        <array>
            <string>Not Rated</string>
            <string>G</string>
            <string>PG</string>
            <string>14A</string>
            <string>18A</string>
            <string>R</string>
            <string>Exempt</string>
            <string>Unrated</string>
        </array>
    </dict>
    <key>de-fsk</key>
    <dict>
        <key>codes</key>
        <dict>
            <key>ab 0 Jahren</key>
            <string>ab 0 Jahren</string>
            <key>ab 6 Jahren</key>
            <string>ab 6 Jahren</string>
            <key>ab 12 Jahren</key>
            <string>ab 12 Jahren</string>
            <key>ab 16 Jahren</key>
            <string>ab 16 Jahren</string>
            <key>ab 18 Jahren</key>
            <string>ab 18 Jahren</string>
        </dict>
        <key>allowed</key>
        <array>
            <string>ab 0 Jahren</string>
            <string>ab 6 Jahren</string>
            <string>ab 12 Jahren</string>
            <string>ab 16 Jahren</string>
            <string>ab 18 Jahren</string>
        </array>
    </dict>
    <key>fr-cnc</key>
    <dict>
        <key>codes</key>
        <dict>
            <key>-10</key>
            <string>-10</string>
            <key>-12</key>
            <string>-12</string>
            <key>-16</key>
            <string>-16</string>
            <key>-18</key>
            <string>-18</string>
        </dict>
        <key>allowed</key>
        <array>
            <string>-10</string>
            <string>-12</string>
            <string>-16</string>
            <string>-18</string>
        </array>
    </dict>
    <key>jp-eirin</key>
    <dict>
        <key>codes</key>
        <dict>
            <key>G</key>
            <string>G</string>
            <key>PG-12</key>
            <string>PG-12</string>
            <key>R-15</key>
            <string>R-15</string>
            <key>R-18</key>
            <string>R-18</string>
        </dict>
        <key>allowed</key>
        <array>
            <string>G</string>
            <string>PG-12</string>
            <string>R-15</string>
            <string>R-18</string>
        </array>
    </dict>
    <key>nz-oflc</key>
    <dict>
        <key>codes</key>
        <dict>
            <key>Not Rated</key>
            <string>Not Rated</string>
            <key>G</key>
            <string>G</string>
            <key>PG</key>
            <string>PG</string>
            <key>M</key>
            <string>M</string>
            <key>R13</key>
            <string>R13</string>
            <key>R15</key>
            <string>R15</string>
            <key>R16</key>
            <string>R16</string>
            <key>R18</key>
            <string>R18</string>
            <key>R</key>
            <string>R</string>
            <key>RP16</key>
            <string>RP16</string>
        </dict>
        <key>allowed</key>
        <array>
            <string>Not Rated</string>
            <string>G</string>
            <string>PG</string>
            <string>M</string>
            <string>R13</string>
            <string>R15</string>
            <string>R16</string>
            <string>R18</string>
            <string>R</string>
            <string>RP16</string>
        </array>
    </dict>
    <key>bbfc</key>
    <dict>
        <key>codes</key>
        <dict>
            <key>U</key>
            <string>U</string>
            <key>Uc</key>
            <string>Uc</string>
            <key>PG</key>
            <string>PG</string>
            <key>12</key>
            <string>12</string>
            <key>12A</key>
            <string>12A</string>
            <key>15</key>
            <string>15</string>
            <key>18</key>
            <string>18</string>
            <key>Exempt</key>
            <string>E</string>
            <key>TBC</key>
            <string>TBC</string>
        </dict>
        <key>allowed</key>
        <array>
            <string>U</string>
            <string>Uc</string>
            <string>PG</string>
            <string>12</string>
            <string>12A</string>
            <string>15</string>
            <string>18</string>
            <string>Exempt</string>
            <string>TBC</string>
        </array>
    </dict>
</dict>
</plist>
