<?xml version="1.0" encoding="UTF-8"?>
<!DOCTYPE plist PUBLIC "-//Apple//DTD PLIST 1.0//EN" "http://www.apple.com/DTDs/PropertyList-1.0.dtd">
<plist version="1.0">
<array>
	<dict>
		<key>define</key>
		<string>VendorIdType</string>
		<key>xpath</key>
		<string>/package/video/vendor_id</string>
		<key>fieldName</key>
		<string>Vendor Identifier</string>
		<key>required</key>
		<integer>1</integer>
		<key>identifier</key>
		<string>Vendor Identifier</string>
	</dict>
	<dict>
		<key>define</key>
		<string>Upc</string>
		<key>xpath</key>
		<string>/package/video/upc</string>
		<key>fieldName</key>
		<string>UPC</string>
		<key>identifier</key>
		<string>UPC</string>
	</dict>
	<dict>
		<key>element</key>
		<string>copyright_pline</string>
		<key>xpath</key>
		<string>/package/video/copyright_pline</string>
		<key>fieldName</key>
		<string>Copyright ℗</string>
		<key>identifier</key>
		<string>PCopyright</string>
	</dict>
	<dict>
		<key>element</key>
		<string>copyright_cline</string>
		<key>xpath</key>
		<string>/package/video/copyright_cline</string>
		<key>fieldName</key>
		<string>Copyright ©</string>
		<key>identifier</key>
		<string>Copyright</string>
	</dict>
	<dict>
		<key>define</key>
		<string>LanguageType</string>
		<key>xpath</key>
		<string>/package/language</string>
		<key>fieldName</key>
		<string>Language</string>
		<key>identifier</key>
		<string>Language</string>
	</dict>
	<dict>
		<key>define</key>
		<string>String255</string>
		<key>xpath</key>
		<string>/package/video/genres/genre[1]</string>
		<key>fieldName</key>
		<string>Genre</string>
        <key>required</key>
        <integer>1</integer>
		<key>identifier</key>
		<string>First Genre</string>
	</dict>  
	<dict>
		<key>define</key>
		<string>String4000</string>
		<key>xpath</key>
		<string>/package/video/title</string>
		<key>fieldName</key>
		<string>Title</string>
        <key>required</key>
        <integer>1</integer>
		<key>identifier</key>
		<string>Title</string>
	</dict>  
	<dict>
		<key>define</key>
		<string>String255</string>
		<key>xpath</key>
		<string>/package/video/genres/genre[2]</string>
		<key>fieldName</key>
		<string>Genre</string>
		<key>identifier</key>
		<string>Second Genre</string>
	</dict>  
	<dict>
		<key>xpath</key>
		<string>/package/video/products/product</string>
		<key>childDict</key>
        <dict>
            <key>define</key>
            <string>Territory</string>
            <key>xpath</key>
            <string>territory</string>
            <key>fieldName</key>
            <string>Territory</string>
            <key>required</key>
            <integer>1</integer>
            <key>identifier</key>
            <string>Territory Combo Box</string>
        </dict>  
	</dict>  
</array>
</plist>
