<?xml version="1.0" encoding="UTF-8"?>
<!DOCTYPE plist PUBLIC "-//Apple//DTD PLIST 1.0//EN" "http://www.apple.com/DTDs/PropertyList-1.0.dtd">
<plist version="1.0">
<dict>
	<key>nameKeyed</key>
	<array>
		<dict>
			<key>comment</key>
			<string>List of book version statuses. Live is the version on the store, In Flight is getting ready for production.</string>
			<key>file</key>
			<string>publication-applies-to-version</string>
		</dict>
		<dict>
			<key>comment</key>
			<string>List of available music languages. Each entry must be unique.</string>
			<key>file</key>
			<string>music-languages</string>
		</dict>
		<dict>
			<key>comment</key>
			<string>List of locales, written in the format: Language Name (Country).</string>
			<key>file</key>
			<string>music-locales</string>
		</dict>
		<dict>
			<key>comment</key>
			<string>List of music genres. Each entry must be unique.</string>
			<key>file</key>
			<string>music-genres</string>
		</dict>
		<dict>
			<key>comment</key>
			<string>List of music audio tone genres. Each entry must be unique.</string>
			<key>file</key>
			<string>music-audio-tone-genres</string>
		</dict>
		<dict>
			<key>comment</key>
			<string>List of music ringtone genres. Each entry must be unique.</string>
			<key>file</key>
			<string>music-ringtone-genres</string>
		</dict>
		<dict>
			<key>comment</key>
			<string>List of music tone types. Each entry must be unique.</string>
			<key>file</key>
			<string>music-tone-types</string>
		</dict>
		<dict>
			<key>comment</key>
			<string>Book publication types</string>
			<key>file</key>
			<string>publication-types</string>
		</dict>
		<dict>
			<key>comment</key>
			<string>List of available book publication languages</string>
			<key>file</key>
			<string>publication-languages</string>
		</dict>
		<dict>
			<key>file</key>
			<string>publication-book-types</string>
		</dict>
        <dict>
			<key>comment</key>
			<string>List of possible song lyrics &quot;explicitness&quot; for parental oversight</string>
			<key>file</key>
			<string>music-explicit-content-types</string>
		</dict>
        <dict>
			<key>comment</key>
			<string>List of allowed music artist roles.</string>
			<key>file</key>
			<string>music-artist-roles</string>
		</dict>
		<dict>
			<key>comment</key>
			<string>List of music territories. Each entry must be unique.</string>
			<key>file</key>
			<string>music-available-territories</string>
		</dict>
		<dict>
			<key>comment</key>
			<string>List of music ringtone territories. Each entry must be unique.</string>
			<key>file</key>
			<string>music-ringtone-available-territories</string>
		</dict>
		<dict>
			<key>comment</key>
			<string>List of music audio tone territories. Each entry must be unique.</string>
			<key>file</key>
			<string>music-audio-tone-available-territories</string>
		</dict>
		<dict>
			<key>comment</key>
			<string>List of publication territories. Each entry must be unique.</string>
			<key>file</key>
			<string>publication-available-territories</string>
		</dict>
        <dict>
			<key>comment</key>
			<string>List of software iap types. Each entry must be unique.</string>
			<key>file</key>
			<string>software-iap-types</string>
		</dict>
        <dict>
			<key>comment</key>
			<string>List of months.</string>
			<key>file</key>
			<string>software-months</string>
		</dict>
        <dict>
			<key>comment</key>
			<string>List of software languages.</string>
			<key>file</key>
			<string>software-languages</string>
		</dict>
        <dict>
            <key>comment</key>
            <string>The real list of tier info comes from the server, but we are adding the typically returned tier names here so they can be localized</string>
            <key>file</key>
            <string>software-iap-ios-tier-names</string>
        </dict>
        <dict>
            <key>comment</key>
            <string>The real list of tier info comes from the server, but we are adding the typically returned tier names here so they can be localized</string>
            <key>file</key>
            <string>software-iap-mac-tier-names</string>
        </dict>
		<dict>
			<key>comment</key>
			<string>List of search categories for music. Each entry must be unique.</string>
			<key>file</key>
			<string>music-search-categories</string>
		</dict>
		<dict>
			<key>comment</key>
			<string>List of search categories for publications. Each entry must be unique.</string>
			<key>file</key>
			<string>publication-search-categories</string>
		</dict>
		<dict>
			<key>comment</key>
			<string>List of subject schemes for publications. Each entry must be unique.</string>
			<key>file</key>
			<string>publication-subject-schemes</string>
		</dict>
        <dict>
			<key>file</key>
			<string>publication-explicit-content</string>
			<key>comment</key>
			<string>List for explicit content values for various popup</string>
		</dict>
        <dict>
			<key>file</key>
			<string>publication-created-with-ibooks-author</string>
			<key>comment</key>
			<string>List for created with iBooks Author (aka multitouch expected) values for various popup</string>
		</dict>
	</array>
	<key>pureDictionaries</key>
	<array>
        <dict>
            <key>comment</key>
            <string>List of music territory groups. A territory group is a way to group a list of countries under one name.</string>
            <key>file</key>
            <string>music-territory-groups</string>
        </dict>
        <dict>
            <key>comment</key>
            <string>List of publication territory groups. A territory group is a way to group a list of countries under one name. Currently, it is empty, but entries could be entered in the future.</string>
            <key>file</key>
            <string>publication-territory-groups</string>
        </dict>
	</array>
	<key>pureLists</key>
	<array>
	</array>
	<key>constrainedNameKeyed</key>
	<array>
		<dict>
			<key>comment</key>
			<string>Book publication target audience criteria list</string>
			<key>file</key>
			<string>publication-target-audience-schemes</string>
		</dict>
	</array>
	<key>nameDetailsKeyed</key>
	<array>
		<dict>
			<key>comment</key>
			<string>List of book publication main subjects. Items (often) organized in pairs where the first item is name in a list of options and the second longer item is the detailed description of that item.</string>
			<key>file</key>
			<string>publication-main-subject-types</string>
		</dict>
		<dict>
			<key>comment</key>
			<string>Book publishing list of relations for related projects. Items are organized in pairs where the first item is name in a list of options and the second longer item is the detailed description of that item.</string>
			<key>file</key>
			<string>publication-related-products</string>
		</dict>
		<dict>
			<key>file</key>
			<string>publication-contributor-roles</string>
			<key>comment</key>
			<string>List of book publication author roles. Items (often) organized in pairs where the first item is name in a list of options and the second longer item is the detailed description of that item.</string>
		</dict>
        <dict>
			<key>file</key>
			<string>publication-primary</string>
			<key>comment</key>
			<string>List for primary/ not primary for various popup</string>
		</dict>
	</array>
	<key>rngValidators</key>
	<array>
		<dict>
			<key>file</key>
			<string>music-rng-validations</string>
			<key>comment</key>
			<string>List of user interface labels that will be used to tell the user what fields have not been filled out correctly. These must match the localized user interface elements they will see when attempting to correct the errors.</string>
		</dict>
		<dict>
			<key>file</key>
			<string>publication-rng-validations</string>
			<key>comment</key>
			<string>List of user interface labels that will be used to tell the user what fields have not been filled out correctly. These must match the localized user interface elements they will see when attempting to correct the errors.</string>
		</dict>
		<dict>
			<key>file</key>
			<string>publication-free-rng-validations</string>
			<key>comment</key>
			<string>List of user interface labels that will be used to tell the user what fields have not been filled out correctly. These must match the localized user interface elements they will see when attempting to correct the errors.</string>
		</dict>
		<dict>
			<key>file</key>
			<string>software-iap-rng-validations</string>
			<key>comment</key>
			<string>List of user interface labels that will be used to tell the user what fields have not been filled out correctly. These must match the localized user interface elements they will see when attempting to correct the errors.</string>
		</dict>
	</array>
</dict>
</plist>
