<?xml version="1.0" encoding="UTF-8"?>
<!DOCTYPE plist PUBLIC "-//Apple//DTD PLIST 1.0//EN" "http://www.apple.com/DTDs/PropertyList-1.0.dtd">
<plist version="1.0">
<array>
    <!-- Hand-picked common roles -->
    <dict>
        <key>name</key>
        <string>MZMenuDividerCustomSectionIdentifier</string>
        <key>code</key>
        <string>MZMenuDividerCustomSectionIdentifier</string>
    </dict>
    <dict>
		<key>name</key>
		<string>Performer</string>
		<key>code</key>
		<string>Performer</string>
	</dict>
	<dict>
		<key>name</key>
		<string>Featuring</string>
		<key>code</key>
		<string>Featuring</string>
	</dict>
	<dict>
		<key>name</key>
		<string>Composer</string>
		<key>code</key>
		<string>Composer</string>
	</dict>
	<dict>
		<key>name</key>
		<string>With</string>
		<key>code</key>
		<string>With</string>
	</dict>
	<dict>
		<key>name</key>
		<string>Remixer</string>
		<key>code</key>
		<string>Remixer</string>
	</dict>

    <!-- Separator between common roles and all roles -->
    <dict>
        <key>name</key>
        <string>&#x2014;</string>
        <key>code</key>
        <string>&#x2014;</string>
    </dict>
    
    <!-- All roles, alphabetically -->
    <dict>
        <key>name</key>
        <string>MZMenuDividerAllSectionIdentifier</string>
        <key>code</key>
        <string>MZMenuDividerAllSectionIdentifier</string>
    </dict>
	<dict>
		<key>name</key>
		<string>Alto</string>
		<key>code</key>
		<string>Alto</string>
	</dict>
	<dict>
		<key>name</key>
		<string>Arranger</string>
		<key>code</key>
		<string>Arranger</string>
	</dict>
	<dict>
		<key>name</key>
		<string>Baritone</string>
		<key>code</key>
		<string>Baritone</string>
	</dict>
	<dict>
		<key>name</key>
		<string>Bass</string>
		<key>code</key>
		<string>Bass</string>
	</dict>
	<dict>
		<key>name</key>
		<string>Bass Guitar</string>
		<key>code</key>
		<string>Bass Guitar</string>
	</dict>
	<dict>
		<key>name</key>
		<string>Bassoon</string>
		<key>code</key>
		<string>Bassoon</string>
	</dict>
	<dict>
		<key>name</key>
		<string>Cello</string>
		<key>code</key>
		<string>Cello</string>
	</dict>
	<dict>
		<key>name</key>
		<string>Chorus</string>
		<key>code</key>
		<string>Chorus</string>
	</dict>
	<dict>
		<key>name</key>
		<string>Clarinet</string>
		<key>code</key>
		<string>Clarinet</string>
	</dict>
	<dict>
		<key>name</key>
		<string>Composer</string>
		<key>code</key>
		<string>Composer</string>
	</dict>
	<dict>
		<key>name</key>
		<string>Conductor</string>
		<key>code</key>
		<string>Conductor</string>
	</dict>
	<dict>
		<key>name</key>
		<string>Drums</string>
		<key>code</key>
		<string>Drums</string>
	</dict>
	<dict>
		<key>name</key>
		<string>Engineer</string>
		<key>code</key>
		<string>Engineer</string>
	</dict>
	<dict>
		<key>name</key>
		<string>Ensemble</string>
		<key>code</key>
		<string>Ensemble</string>
	</dict>
	<dict>
		<key>name</key>
		<string>Featuring</string>
		<key>code</key>
		<string>Featuring</string>
	</dict>
	<dict>
		<key>name</key>
		<string>Flute</string>
		<key>code</key>
		<string>Flute</string>
	</dict>
	<dict>
		<key>name</key>
		<string>French Horn</string>
		<key>code</key>
		<string>French Horn</string>
	</dict>
	<dict>
		<key>name</key>
		<string>Guitar</string>
		<key>code</key>
		<string>Guitar</string>
	</dict>
	<dict>
		<key>name</key>
		<string>Harmonica</string>
		<key>code</key>
		<string>Harmonica</string>
	</dict>
	<dict>
		<key>name</key>
		<string>Harp</string>
		<key>code</key>
		<string>Harp</string>
	</dict>
	<dict>
		<key>name</key>
		<string>Harpsichord</string>
		<key>code</key>
		<string>Harpsichord</string>
	</dict>
	<dict>
		<key>name</key>
		<string>Keyboards</string>
		<key>code</key>
		<string>Keyboards</string>
	</dict>
	<dict>
		<key>name</key>
		<string>Lyricist</string>
		<key>code</key>
		<string>Lyricist</string>
	</dict>
	<dict>
		<key>name</key>
		<string>Mezzo Soprano</string>
		<key>code</key>
		<string>Mezzo Soprano</string>
	</dict>
	<dict>
		<key>name</key>
		<string>Oboe</string>
		<key>code</key>
		<string>Oboe</string>
	</dict>
	<dict>
		<key>name</key>
		<string>Orchestra</string>
		<key>code</key>
		<string>Orchestra</string>
	</dict>
	<dict>
		<key>name</key>
		<string>Organ</string>
		<key>code</key>
		<string>Organ</string>
	</dict>
	<dict>
		<key>name</key>
		<string>Percussion</string>
		<key>code</key>
		<string>Percussion</string>
	</dict>
	<dict>
		<key>name</key>
		<string>Performer</string>
		<key>code</key>
		<string>Performer</string>
	</dict>
	<dict>
		<key>name</key>
		<string>Piano</string>
		<key>code</key>
		<string>Piano</string>
	</dict>
	<dict>
		<key>name</key>
		<string>Producer</string>
		<key>code</key>
		<string>Producer</string>
	</dict>
        	<dict>
		<key>name</key>
		<string>Publisher</string>
		<key>code</key>
		<string>Publisher</string>
	</dict>
	<dict>
		<key>name</key>
		<string>Remixer</string>
		<key>code</key>
		<string>Remixer</string>
	</dict>
	<dict>
		<key>name</key>
		<string>Saxophone</string>
		<key>code</key>
		<string>Saxophone</string>
	</dict>
	<dict>
		<key>name</key>
		<string>Singer</string>
		<key>code</key>
		<string>Singer</string>
	</dict>
	<dict>
		<key>name</key>
		<string>Soloist</string>
		<key>code</key>
		<string>Soloist</string>
	</dict>
	<dict>
		<key>name</key>
		<string>Songwriter</string>
		<key>code</key>
		<string>Songwriter</string>
	</dict>
	<dict>
		<key>name</key>
		<string>Soprano</string>
		<key>code</key>
		<string>Soprano</string>
	</dict>
	<dict>
		<key>name</key>
		<string>String Bass</string>
		<key>code</key>
		<string>String Bass</string>
	</dict>
	<dict>
		<key>name</key>
		<string>Tenor</string>
		<key>code</key>
		<string>Tenor</string>
	</dict>
	<dict>
		<key>name</key>
		<string>Trombone</string>
		<key>code</key>
		<string>Trombone</string>
	</dict>
	<dict>
		<key>name</key>
		<string>Trumpet</string>
		<key>code</key>
		<string>Trumpet</string>
	</dict>
	<dict>
		<key>name</key>
		<string>Tuba</string>
		<key>code</key>
		<string>Tuba</string>
	</dict>
	<dict>
		<key>name</key>
		<string>Viola</string>
		<key>code</key>
		<string>Viola</string>
	</dict>
	<dict>
		<key>name</key>
		<string>Violin</string>
		<key>code</key>
		<string>Violin</string>
	</dict>
	<dict>
		<key>name</key>
		<string>Vocals</string>
		<key>code</key>
		<string>Vocals</string>
	</dict>
	<dict>
		<key>name</key>
		<string>With</string>
		<key>code</key>
		<string>With</string>
	</dict>
</array>
</plist>
