<?xml version="1.0" encoding="UTF-8"?>
<!DOCTYPE plist PUBLIC "-//Apple//DTD PLIST 1.0//EN" "http://www.apple.com/DTDs/PropertyList-1.0.dtd">
<plist version="1.0">
<array>
    <dict>
        <!-- For music editor -->
        <key>xpath</key>
        <string>/package/album[nilled(album_type) or not(album_type='ringtone' or album_type='Ringtone' or album_type='iosaudiotone' or album_type='iOSAudioTone')]</string>
        <key>childDict</key>
        <dict>
            <key>define</key>
            <string>VendorIdType</string>
            <key>xpath</key>
            <string>vendor_id</string>
            <key>fieldName</key>
            <string>UPC/EAN/JAN</string>
            <key>required</key>
            <integer>1</integer>
            <key>identifier</key>
            <string>UPC/EAN/JAN</string>
        </dict>
    </dict>
    <dict>
        <!-- For music editor -->
        <key>xpath</key>
        <string>/package/album[nilled(album_type) or not(album_type='ringtone' or album_type='Ringtone' or album_type='iosaudiotone' or album_type='iOSAudioTone')]</string>
        <key>childDict</key>
        <dict>
            <key>define</key>
            <string>Upc</string>
            <key>xpath</key>
            <string>upc</string>
            <key>fieldName</key>
            <string>UPC/EAN/JAN</string>
            <key>required</key>
            <integer>1</integer>
            <key>identifier</key>
            <string>UPC/EAN/JAN</string>
        </dict>
    </dict>
    <dict>
        <!-- For audio tones, the user must enter a vendor id (which is set on the album and track) OR a UPC and ISRC -->
        <key>xpath</key>
        <string>/package/album[boolean(album_type) and (album_type='iosaudiotone' or album_type='iOSAudioTone')]</string>
        <key>childDict</key>
        <dict>
            <key>define</key>
            <string>String</string>
            <key>xpath</key>
            <string>upc | tracks/track[1]/isrc | vendor_id | tracks/track[1]/vendor_id</string>
            <key>fieldName</key>
            <string>UPC/EAN/JAN and ISRC or Vendor ID</string>
            <key>required</key>
            <integer>1</integer>
            <key>identifier</key>
            <string>UPC/EAN/JAN</string>
        </dict>
    </dict>
    <dict>
        <!-- For audio tones, the user has entered a ISRC but still needs to enter a UPC -->
        <key>xpath</key>
        <string>/package/album[boolean(tracks/track[1]/isrc) and not(boolean(upc | vendor_id | tracks/track[1]/vendor_id)) and boolean(album_type) and (album_type='iosaudiotone' or album_type='iOSAudioTone')]</string>
        <key>childDict</key>
        <dict>
            <key>define</key>
            <string>Upc</string>
            <key>xpath</key>
            <string>upc</string>
            <key>fieldName</key>
            <string>UPC/EAN/JAN</string>
            <key>required</key>
            <integer>1</integer>
            <key>identifier</key>
            <string>UPC/EAN/JAN</string>
        </dict>
    </dict>
    <dict>
        <!-- For audio tones, the user has entered a UPC but still needs to enter a ISRC -->
        <key>xpath</key>
        <string>/package/album[boolean(upc)and not(boolean(tracks/track[1]/isrc | vendor_id | tracks/track[1]/vendor_id)) and boolean(album_type) and (album_type='iosaudiotone' or album_type='iOSAudioTone')]</string>
        <key>childDict</key>
        <dict>
            <key>define</key>
            <string>Isrc</string>
            <key>xpath</key>
            <string>tracks/track[1]/isrc</string>
            <key>fieldName</key>
            <string>ISRC</string>
            <key>required</key>
            <integer>1</integer>
            <key>identifier</key>
            <string>ISRC</string>
        </dict>
    </dict>
    <dict>
        <!-- For audio tones, the user has entered a vendor_id on the track but still needs to enter a vendor_id on the album -->
        <key>xpath</key>
        <string>/package/album[boolean(tracks/track[1]/vendor_id) and not(boolean(upc | vendor_id | tracks/track[1]/isrc)) and boolean(album_type) and (album_type='iosaudiotone' or album_type='iOSAudioTone')]</string>
        <key>childDict</key>
        <dict>
            <key>define</key>
            <string>VendorIdType</string>
            <key>xpath</key>
            <string>vendor_id</string>
            <key>fieldName</key>
            <string>Vendor ID</string>
            <key>required</key>
            <integer>1</integer>
            <key>identifier</key>
            <string>Vendor ID</string>
        </dict>
    </dict>
    <dict>
        <!-- For audio tones, the user has entered a vendor_id on the album but still needs to enter a vendor_id on the track -->
        <key>xpath</key>
        <string>/package/album[boolean(vendor_id) and not(boolean(upc | tracks/track[1]/vendor_id | tracks/track[1]/isrc)) and boolean(album_type) and (album_type='iosaudiotone' or album_type='iOSAudioTone')]</string>
        <key>childDict</key>
        <dict>
            <key>define</key>
            <string>VendorIdType</string>
            <key>xpath</key>
            <string>tracks/track[1]/vendor_id</string>
            <key>fieldName</key>
            <string>Vendor ID</string>
            <key>required</key>
            <integer>1</integer>
            <key>identifier</key>
            <string>Vendor ID</string>
        </dict>
    </dict>
    <dict>
        <!-- For ringtones, the user must enter a UPC or GRid -->
        <key>xpath</key>
        <string>/package/album[boolean(album_type) and (album_type='ringtone' or album_type='Ringtone')]</string>
        <key>childDict</key>
        <dict>
            <key>define</key>
            <string>String</string>
            <key>xpath</key>
            <string>upc | grid</string>
            <key>fieldName</key>
            <string>UPC/EAN/JAN or GRid</string>
            <key>required</key>
            <integer>1</integer>
            <key>identifier</key>
            <string>UPC/EAN/JAN</string>
        </dict>
    </dict>
    <dict>
        <!-- For ringtones, the user must enter an ISRC -->
        <key>xpath</key>
        <string>/package/album[boolean(album_type) and (album_type='ringtone' or album_type='Ringtone')]</string>
        <key>childDict</key>
        <dict>
            <key>define</key>
            <string>Isrc</string>
            <key>xpath</key>
            <string>tracks/track[1]/isrc</string>
            <key>fieldName</key>
            <string>ISRC</string>
            <key>required</key>
            <integer>1</integer>
            <key>identifier</key>
            <string>ISRC</string>
        </dict>
    </dict>
    <dict>
        <!-- For ringtones, if the user did enter a UPC, make sure it is a valid one -->
        <key>xpath</key>
        <string>/package/album[boolean(album_type) and (album_type='ringtone' or album_type='Ringtone')]</string>
        <key>childDict</key>
        <dict>
            <key>define</key>
            <string>Upc</string>
            <key>xpath</key>
            <string>upc</string>
            <key>fieldName</key>
            <string>UPC/EAN/JAN</string>
            <key>identifier</key>
            <string>UPC/EAN/JAN</string>
        </dict>
    </dict>
    <dict>
        <key>element</key>
        <string>copyright_pline</string>
        <key>xpath</key>
        <string>/package/album/copyright_pline</string>
        <key>fieldName</key>
        <string>Copyright ℗</string>
        <key>identifier</key>
        <string>PCopyright</string>
    </dict>
    <dict>
        <key>element</key>
        <string>copyright_cline</string>
        <key>xpath</key>
        <string>/package/album/copyright_cline</string>
        <key>fieldName</key>
        <string>Copyright ©</string>
        <key>identifier</key>
        <string>Copyright</string>
    </dict>
    <dict>
        <key>define</key>
        <string>FormattedDate</string>
        <key>xpath</key>
        <string>/package/album/original_release_date</string>
        <key>fieldName</key>
        <string>Original Release Date</string>
        <key>required</key>
        <integer>1</integer>
        <key>identifier</key>
        <string>Original Release Date</string>
    </dict>
    <dict>
        <key>define</key>
        <string>FormattedDate</string>
        <key>xpath</key>
        <string>/package/album/products/product/sales_start_date</string>
        <key>fieldName</key>
        <string>Sales Start Date</string>
        <key>identifier</key>
        <string>Sales Start Date</string>
    </dict>
    <dict>
        <key>define</key>
        <string>FormattedDate</string>
        <key>xpath</key>
        <string>/package/album/products/product/preorder_sales_start_date</string>
        <key>fieldName</key>
        <string>Pre-Order Sales Start Date</string>
        <key>identifier</key>
        <string>Pre-Order Sales Start Date</string>
    </dict>
    <dict>
        <key>define</key>
        <string>LanguageType</string>
        <key>xpath</key>
        <string>/package/language</string>
        <key>fieldName</key>
        <string>Language</string>
        <key>identifier</key>
        <string>Language</string>
    </dict>
    <dict>
        <key>define</key>
        <string>FormattedPositiveInteger</string>
        <key>xpath</key>
        <string>/package/album/track_count</string>
        <key>fieldName</key>
        <string>Tracks</string>
        <key>identifier</key>
        <string>Tracks</string>
    </dict>
    <dict>
        <key>define</key>
        <string>Grid</string>
        <key>xpath</key>
        <string>/package/album/grid</string>
        <key>fieldName</key>
        <string>GRid</string>
        <key>identifier</key>
        <string>Grid</string>
    </dict>    
    <dict>
        <key>define</key>
        <string>NonEmptyTokenString</string>
        <key>xpath</key>
        <string>/package/album/artwork_files/file/file_name</string>
        <key>fieldName</key>
        <string>Cover Art</string>
        <key>required</key>
        <integer>1</integer>
        <key>identifier</key>
        <string>Cover Art</string>
        <key>alteration</key>
        <dict>
            <key>binding</key>
            <string>enabled</string>
            <key>keyPath</key>
            <string>packageImported</string>
            <key>options</key>
            <dict>
                <key>NSValueTransformerName</key>
                <string>NSNegateBoolean</string>
            </dict>
        </dict>
    </dict>  
    <dict>
		<key>xpath</key>
		<string>/package/album/artists/artist</string>
		<key>childDict</key>
		<dict>
			<key>define</key>
			<string>String</string>
			<key>xpath</key>
			<string>artist_name</string>
			<key>fieldName</key>
			<string>Artist</string>
			<key>required</key>
			<integer>1</integer>
			<key>identifier</key>
			<string>Artist Table View</string>
		</dict>
    </dict>  
    <dict>
        <key>define</key>
        <string>String</string>
        <key>xpath</key>
        <string>/package/album/artists/artist[primary='true']</string>
        <key>fieldName</key>
        <string>Album Primary Artist</string>
        <key>required</key>
        <integer>1</integer>
        <key>identifier</key>
        <string>Artist Table View</string>
    </dict>
    <dict>
        <key>xpath</key>
        <string>/package/album/artists/artist</string>
        <key>childDict</key>
        <dict>
            <key>define</key>
            <string>String</string>
            <key>xpath</key>
            <string>roles/role</string>
            <key>fieldName</key>
            <string>Album Artist Role</string>
            <key>required</key>
            <integer>1</integer>
            <key>identifier</key>
            <string>Artist Table View</string>
        </dict>  
    </dict>    
    <dict>
        <key>define</key>
        <string>String4000</string>
        <key>xpath</key>
        <string>/package/album/title</string>
        <key>fieldName</key>
        <string>Title</string>
        <key>required</key>
        <integer>1</integer>
        <key>identifier</key>
        <string>Title</string>
    </dict>  
    <dict>
        <key>xpath</key>
        <string>/package/album/products/product</string>
        <key>childDict</key>
        <dict>
            <key>define</key>
            <string>Territory</string>
            <key>xpath</key>
            <string>territory</string>
            <key>fieldName</key>
            <string>Territory</string>
            <key>required</key>
            <integer>1</integer>
            <key>identifier</key>
            <string>Territory Combo Box</string>
        </dict>  
    </dict>  
    
    <!-- Track level defines -->
    <dict>
        <!-- For music editor -->
        <key>xpath</key>
        <string>/package/album[nilled(album_type) or not(album_type='ringtone' or album_type='Ringtone' or album_type='iosaudiotone' or album_type='iOSAudioTone')]</string>
        <key>childDict</key>
        <dict>
            <key>define</key>
            <string>VendorIdType</string>
            <key>xpath</key>
            <string>tracks/track/vendor_id</string>
            <key>fieldName</key>
            <string>ISRC</string>
            <key>identifier</key>
            <string>ISRC</string>
        </dict>
    </dict>
    <dict>
        <!-- For music editor -->
        <key>xpath</key>
        <string>/package/album/tracks/track[nilled(../../album_type) or not(../../album_type='ringtone' or ../../album_type='Ringtone' or ../../album_type='iosaudiotone' or ../../album_type='iOSAudioTone')]</string>
        <key>childDict</key>
        <dict>
            <key>define</key>
            <string>Isrc</string>
            <key>xpath</key>
            <string>isrc</string>
            <key>fieldName</key>
            <string>ISRC</string>
            <key>required</key>
            <integer>1</integer>
            <key>identifier</key>
            <string>ISRC</string>
        </dict>
    </dict>
    <dict>
        <key>element</key>
        <string>copyright_pline</string>
        <key>xpath</key>
        <string>/package/album/tracks/track/copyright_pline</string>
        <key>fieldName</key>
        <string>Copyright ℗</string>
        <key>identifier</key>
        <string>Track Copyright</string>
    </dict>
    <dict>
        <key>define</key>
        <string>FormattedPositiveInteger</string>
        <key>xpath</key>
        <string>/package/album/tracks/track/volume_number</string>
        <key>fieldName</key>
        <string>Disc Number</string>
        <key>identifier</key>
        <string>Disc Number</string>
    </dict>    
    <dict>
        <key>xpath</key>
        <string>/package/album/tracks/track/products/product</string>
        <key>childDict</key>
        <dict>
            <key>define</key>
            <string>Territory</string>
            <key>xpath</key>
            <string>territory</string>
            <key>fieldName</key>
            <string>Track Territory</string>
            <key>required</key>
            <integer>1</integer>
            <key>identifier</key>
            <string>Territory Table View</string>
        </dict>  
    </dict>  
    <dict>
        <key>element</key>
        <string>preview_start_index</string>
        <key>xpath</key>
        <string>/package/album/tracks/track/preview_start_index</string>
        <key>fieldName</key>
        <string>Preview Start</string>
        <key>identifier</key>
        <string>Preview Start</string>
    </dict>
    <dict>
        <key>define</key>
        <string>NonEmptyTokenString</string>
        <key>xpath</key>
        <string>/package/album/tracks/track/label_name</string>
        <key>fieldName</key>
        <string>Track Label Name</string>
        <key>identifier</key>
        <string>Track Label Name</string>
    </dict>
    <dict>
        <key>define</key>
        <string>ParentalAdvisoryType</string>
        <key>xpath</key>
        <string>/package/album/tracks/track/explicit_content</string>
        <key>fieldName</key>
        <string>Parental Advisory</string>
        <key>identifier</key>
        <string>Explicit Content</string>
    </dict>
    <dict>
        <key>xpath</key>
        <string>/package/album/tracks/track</string>
        <key>fieldName</key>
        <string>Track</string>
        <key>required</key>
        <integer>1</integer>
        <key>identifier</key>
        <string>Track Table View</string>
        <key>childDict</key>
        <dict>
            <key>define</key>
            <string>String4000</string>
            <key>xpath</key>
            <string>title</string>
            <key>fieldName</key>
            <string>Track Title</string>
            <key>required</key>
            <integer>1</integer>
            <key>identifier</key>
            <string>Track Title</string>
        </dict>  
    </dict>  
    <dict>
        <key>xpath</key>
        <string>/package/album/tracks/track</string>
        <key>childDict</key>
        <dict>
            <key>define</key>
            <string>String</string>
            <key>xpath</key>
            <string>audio_file/file_name</string>
            <key>fieldName</key>
            <string>Track File</string>
            <key>required</key>
            <integer>1</integer>
            <key>identifier</key>
            <string>Track File</string>
        </dict>  
    </dict>  
    <dict>
        <key>xpath</key>
        <string>/package/album/tracks/track</string>
        <key>childDict</key>
        <dict>
            <key>define</key>
            <string>String</string>
            <key>xpath</key>
            <string>audio_file/checksum</string>
            <key>fieldName</key>
            <string>Track File Checksum</string>
            <key>required</key>
            <integer>1</integer>
            <key>identifier</key>
            <string>Track File</string>
        </dict>  
    </dict>  
    <dict>
        <key>xpath</key>
        <string>/package/album/tracks/track</string>
        <key>childDict</key>
        <dict>
            <key>define</key>
            <string>FormattedPositiveInteger</string>
            <key>xpath</key>
            <string>track_number</string>
            <key>fieldName</key>
            <string>Track Number</string>
            <key>required</key>
            <integer>1</integer>
            <key>identifier</key>
            <string>Track Number</string>
        </dict>  
    </dict>  
    <dict>
        <key>xpath</key>
        <string>/package/album/tracks/track/artists/artist</string>
        <key>childDict</key>
        <dict>
            <key>define</key>
            <string>String</string>
            <key>xpath</key>
            <string>artist_name</string>
            <key>fieldName</key>
            <string>Track Artist</string>
            <key>required</key>
            <integer>1</integer>
            <key>identifier</key>
            <string>Track Artist Table View</string>
        </dict>  
    </dict>
        <dict>
        <key>xpath</key>
        <string>/package/album/tracks/track/artists/artist</string>
        <key>childDict</key>
        <dict>
            <key>define</key>
            <string>String</string>
            <key>xpath</key>
            <string>roles/role</string>
            <key>fieldName</key>
            <string>Track Artist Role</string>
            <key>required</key>
            <integer>1</integer>
            <key>identifier</key>
            <string>Track Artist Table View</string>
        </dict>  
    </dict>
    <!-- Booklets -->
    <dict>
        <key>xpath</key>
        <string>/package/album/tracks/booklet</string>
        <key>childDict</key>
        <dict>
            <key>define</key>
            <string>String</string>
            <key>xpath</key>
            <string>vendor_id</string>
            <key>fieldName</key>
            <string>Booklet Vendor Identifier</string>
            <key>identifier</key>
            <string>Booklet Vendor Identifier</string>
        </dict>  
    </dict>  
    <dict>
        <key>xpath</key>
        <string>/package/album/tracks/booklet</string>
        <key>childDict</key>
        <dict>
            <key>define</key>
            <string>String</string>
            <key>xpath</key>
            <string>title</string>
            <key>required</key>
            <integer>1</integer>
            <key>identifier</key>
            <string>Booklet Title</string>
            <key>fieldName</key>
            <string>Booklet Title</string>
        </dict>
    </dict>
    <dict>
        <key>xpath</key>
        <string>/package/album/tracks/booklet</string>
        <key>childDict</key>
        <dict>
            <key>define</key>
            <string>Copyright</string>
            <key>xpath</key>
            <string>copyright</string>
            <key>fieldName</key>
            <string>Booklet Copyright ©</string>
            <key>required</key>
            <integer>1</integer>
            <key>identifier</key>
            <string>Booklet Copyright</string>
        </dict>  
    </dict> 
    <dict>
        <key>xpath</key>
        <string>/package/album/tracks/booklet</string>
        <key>childDict</key>
        <dict>
            <key>define</key>
            <string>ParentalAdvisoryType</string>
            <key>xpath</key>
            <string>explicit_content</string>
            <key>fieldName</key>
            <string>Parental Advisory</string>
            <key>identifier</key>
            <string>Booklet Parental Advisory</string>
        </dict>  
    </dict>
    <dict>
        <key>xpath</key>
        <string>/package/album/tracks/booklet</string>
        <key>childDict</key>
        <dict>
            <key>define</key>
            <string>String</string>
            <key>xpath</key>
            <string>file/file_name</string>
            <key>fieldName</key>
            <string>Booklet File Name</string>
            <key>identifier</key>
            <string>Booklet File</string>
        </dict>  
    </dict>
    <dict>
        <key>xpath</key>
        <string>/package/album/tracks/booklet</string>
        <key>childDict</key>
        <dict>
            <key>define</key>
            <string>String</string>
            <key>xpath</key>
            <string>file/size</string>
            <key>fieldName</key>
            <string>Booklet File Size</string>
            <key>identifier</key>
            <string>Booklet File</string>
        </dict>  
    </dict>
    <dict>
        <key>xpath</key>
        <string>/package/album/tracks/booklet</string>
        <key>childDict</key>
        <dict>
            <key>define</key>
            <string>String</string>
            <key>xpath</key>
            <string>file/checksum</string>
            <key>fieldName</key>
            <string>Booklet File Checksum</string>
            <key>identifier</key>
            <string>Booklet File</string>
        </dict>  
    </dict>  
    <!-- iTunes LP -->
    <dict>
        <key>xpath</key>
        <string>/package/album/tracks/extra</string>
        <key>childDict</key>
        <dict>
            <key>define</key>
            <string>String</string>
            <key>xpath</key>
            <string>vendor_id</string>
            <key>fieldName</key>
            <string>Vendor Identifier</string>
            <key>required</key>
            <integer>1</integer>
            <key>identifier</key>
            <string>iTunes LP Vendor Identifier</string>
        </dict>  
    </dict>
    <dict>
        <key>xpath</key>
        <string>/package/album/tracks/extra</string>
        <key>childDict</key>
        <dict>
            <key>define</key>
            <string>Notes</string>
            <key>xpath</key>
            <string>locales/locale[@default='true']</string>
            <key>fieldName</key>
            <string>Default Locale</string>
            <key>required</key>
            <integer>1</integer>
            <key>identifier</key>
            <string>iTunes LP Locale Description Table View</string>
        </dict>  
    </dict>
    <dict>
        <key>xpath</key>
        <string>/package/album/tracks/extra</string>
        <key>childDict</key>
        <dict>
            <key>define</key>
            <string>Notes</string>
            <key>xpath</key>
            <string>locales/locale[@default='true'][@name]</string>
            <key>fieldName</key>
            <string>Default Locale Name</string>
            <key>required</key>
            <integer>1</integer>
            <key>identifier</key>
            <string>iTunes LP Locale</string>
        </dict>  
    </dict>
    <dict>
        <key>xpath</key>
        <string>/package/album/tracks/extra</string>
        <key>childDict</key>
        <dict>
            <key>define</key>
            <string>String</string>
            <key>xpath</key>
            <string>screenshots/screenshot</string>
            <key>fieldName</key>
            <string>Screenshot</string>
            <key>required</key>
            <integer>1</integer>
            <key>identifier</key>
            <string>iTunes LP Screenshots File Well</string>
        </dict>  
    </dict> 
    <dict>
        <key>xpath</key>
        <string>/package/album/locales/locale</string>
        <key>childDict</key>
        <dict>
            <key>define</key>
            <string>string</string>
            <key>xpath</key>
            <string>@name</string>
            <key>fieldName</key>
            <string>Locale Name</string>
            <key>required</key>
            <integer>1</integer>
            <key>identifier</key>
            <string>Translations Table View</string>
        </dict>  
    </dict>
    <dict>
        <key>xpath</key>
        <string>/package/album/locales/locale</string>
        <key>childDict</key>
        <dict>
            <key>define</key>
            <string>string</string>
            <key>xpath</key>
            <string>title</string>
            <key>fieldName</key>
            <string>Album Title Localization</string>
            <key>required</key>
            <integer>1</integer>
            <key>identifier</key>
            <string>Translations Table View</string>
        </dict>  
    </dict>
    <dict>
        <key>xpath</key>
        <string>/package/album/artists/artist/locales/locale</string>
        <key>childDict</key>
        <dict>
            <key>define</key>
            <string>string</string>
            <key>xpath</key>
            <string>@name</string>
            <key>fieldName</key>
            <string>Locale Name</string>
            <key>required</key>
            <integer>1</integer>
            <key>identifier</key>
            <string>Translations Table View</string>
        </dict>  
    </dict>
    <dict>
        <key>xpath</key>
        <string>/package/album/artists/artist/locales/locale</string>
        <key>childDict</key>
        <dict>
            <key>define</key>
            <string>string</string>
            <key>xpath</key>
            <string>artist_name</string>
            <key>fieldName</key>
            <string>Album Artist Name Localization</string>
            <key>required</key>
            <integer>1</integer>
            <key>identifier</key>
            <string>Translations Table View</string>
        </dict>  
    </dict>
    <dict>
        <key>xpath</key>
        <string>/package/album/tracks/track/locales/locale</string>
        <key>childDict</key>
        <dict>
            <key>define</key>
            <string>string</string>
            <key>xpath</key>
            <string>@name</string>
            <key>fieldName</key>
            <string>Locale Name</string>
            <key>required</key>
            <integer>1</integer>
            <key>identifier</key>
            <string>Translations Table View</string>
        </dict>  
    </dict>
    <dict>
        <key>xpath</key>
        <string>/package/album/tracks/track/locales/locale</string>
        <key>childDict</key>
        <dict>
            <key>define</key>
            <string>string</string>
            <key>xpath</key>
            <string>title</string>
            <key>fieldName</key>
            <string>Track Title Localization</string>
            <key>required</key>
            <integer>1</integer>
            <key>identifier</key>
            <string>Translations Table View</string>
        </dict>  
    </dict>
    <dict>
        <key>xpath</key>
        <string>/package/album/tracks/track/artists/artist/locales/locale</string>
        <key>childDict</key>
        <dict>
            <key>define</key>
            <string>string</string>
            <key>xpath</key>
            <string>@name</string>
            <key>fieldName</key>
            <string>Locale Name</string>
            <key>required</key>
            <integer>1</integer>
            <key>identifier</key>
            <string>Translations Table View</string>
        </dict>  
    </dict>
    <dict>
        <key>xpath</key>
        <string>/package/album/tracks/track/artists/artist/locales/locale</string>
        <key>childDict</key>
        <dict>
            <key>define</key>
            <string>string</string>
            <key>xpath</key>
            <string>artist_name</string>
            <key>fieldName</key>
            <string>Track Artist Name Localization</string>
            <key>required</key>
            <integer>1</integer>
            <key>identifier</key>
            <string>Translations Table View</string>
        </dict>  
    </dict>
</array>
</plist>
