<?xml version="1.0" encoding="UTF-8"?>
<!DOCTYPE plist PUBLIC "-//Apple//DTD PLIST 1.0//EN" "http://www.apple.com/DTDs/PropertyList-1.0.dtd">
<plist version="1.0">
<dict>
    <key>Back</key>
    <string>2</string>
    <key>Back Premium</key>
    <string>7</string>
    <key>Budget</key>
    <string>1</string>
    <key>Budget Premium</key>
    <string>6</string>
    <key>EP</key>
    <string>5</string>
    <key>EP Premium</key>
    <string>10</string>
    <key>Front Plus</key>
    <string>4</string>
    <key>Front Plus Premium</key>
    <string>9</string>
    <key>Mid/Front</key>
    <string>3</string>
    <key>Mid/Front Premium</key>
    <string>8</string>
    <key>Mini-EP</key>
    <string>14</string>
    <key>Mini-EP Premium</key>
    <string>15</string>
</dict>
</plist>
