<?xml version="1.0" encoding="UTF-8" standalone="yes"?>
<!DOCTYPE plist PUBLIC "-//Apple//DTD PLIST 1.0//EN" "http://www.apple.com/DTDs/PropertyList-1.0.dtd">
<plist version="1.0">
	<array>
		<dict>
			<key>code</key>
			<string>ALTERNATIVE-00</string>
			<key>name</key>
			<string>Alternative</string>
		</dict>

		<dict>
			<key>code</key>
			<string>CHINESE-ALT-00</string>
			<key>name</key>
			<string>Alternative / Chinese Alt</string>
		</dict>

		<dict>
			<key>code</key>
			<string>COLLEGE-ROCK-00</string>
			<key>name</key>
			<string>Alternative / College Rock</string>
		</dict>

		<dict>
			<key>code</key>
			<string>GOTH-ROCK-00</string>
			<key>name</key>
			<string>Alternative / Goth Rock</string>
		</dict>

		<dict>
			<key>code</key>
			<string>GRUNGE-00</string>
			<key>name</key>
			<string>Alternative / Grunge</string>
		</dict>

		<dict>
			<key>code</key>
			<string>INDIE-ROCK-00</string>
			<key>name</key>
			<string>Alternative / Indie Rock</string>
		</dict>

		<dict>
			<key>code</key>
			<string>KOREAN-INDIE-00</string>
			<key>name</key>
			<string>Alternative / Korean Indie</string>
		</dict>

		<dict>
			<key>code</key>
			<string>NEW-WAVE-00</string>
			<key>name</key>
			<string>Alternative / New Wave</string>
		</dict>

		<dict>
			<key>code</key>
			<string>PUNK-00</string>
			<key>name</key>
			<string>Alternative / Punk</string>
		</dict>

		<dict>
			<key>code</key>
			<string>ANIME-00</string>
			<key>name</key>
			<string>Anime</string>
		</dict>

		<dict>
			<key>code</key>
			<string>BLUES-00</string>
			<key>name</key>
			<string>Blues</string>
		</dict>

		<dict>
			<key>code</key>
			<string>ACOUSTIC-BLUES-00</string>
			<key>name</key>
			<string>Blues / Acoustic Blues</string>
		</dict>

		<dict>
			<key>code</key>
			<string>CHICAGO-BLUES-00</string>
			<key>name</key>
			<string>Blues / Chicago Blues</string>
		</dict>

		<dict>
			<key>code</key>
			<string>CLASSIC-BLUES-00</string>
			<key>name</key>
			<string>Blues / Classic Blues</string>
		</dict>

		<dict>
			<key>code</key>
			<string>CONTEMPORARY-BLUES-00</string>
			<key>name</key>
			<string>Blues / Contemporary Blues</string>
		</dict>

		<dict>
			<key>code</key>
			<string>COUNTRY-BLUES-00</string>
			<key>name</key>
			<string>Blues / Country Blues</string>
		</dict>

		<dict>
			<key>code</key>
			<string>DELTA-BLUES-00</string>
			<key>name</key>
			<string>Blues / Delta Blues</string>
		</dict>

		<dict>
			<key>code</key>
			<string>ELECTRIC-BLUES-00</string>
			<key>name</key>
			<string>Blues / Electric Blues</string>
		</dict>

		<dict>
			<key>code</key>
			<string>BRAZILIAN-00</string>
			<key>name</key>
			<string>Brazilian</string>
		</dict>

		<dict>
			<key>code</key>
			<string>AXE-00</string>
			<key>name</key>
			<string>Brazilian / Axé</string>
		</dict>

		<dict>
			<key>code</key>
			<string>BAILE-FUNK-00</string>
			<key>name</key>
			<string>Brazilian / Baile Funk</string>
		</dict>

		<dict>
			<key>code</key>
			<string>BOSSA-NOVA-00</string>
			<key>name</key>
			<string>Brazilian / Bossa Nova</string>
		</dict>

		<dict>
			<key>code</key>
			<string>CHORO-00</string>
			<key>name</key>
			<string>Brazilian / Choro</string>
		</dict>

		<dict>
			<key>code</key>
			<string>FORRO-00</string>
			<key>name</key>
			<string>Brazilian / Forró</string>
		</dict>

		<dict>
			<key>code</key>
			<string>FREVO-00</string>
			<key>name</key>
			<string>Brazilian / Frevo</string>
		</dict>

		<dict>
			<key>code</key>
			<string>MPB-00</string>
			<key>name</key>
			<string>Brazilian / MPB</string>
		</dict>

		<dict>
			<key>code</key>
			<string>PAGODE-00</string>
			<key>name</key>
			<string>Brazilian / Pagode</string>
		</dict>

		<dict>
			<key>code</key>
			<string>SAMBA-00</string>
			<key>name</key>
			<string>Brazilian / Samba</string>
		</dict>

		<dict>
			<key>code</key>
			<string>SERTANEJO-00</string>
			<key>name</key>
			<string>Brazilian / Sertanejo</string>
		</dict>

		<dict>
			<key>code</key>
			<string>CHILDREN-MUSIC-00</string>
			<key>name</key>
			<string>Children&apos;s Music</string>
		</dict>

		<dict>
			<key>code</key>
			<string>LULLABIES-00</string>
			<key>name</key>
			<string>Children&apos;s Music / Lullabies</string>
		</dict>

		<dict>
			<key>code</key>
			<string>SING-ALONG-00</string>
			<key>name</key>
			<string>Children&apos;s Music / Sing-Along</string>
		</dict>

		<dict>
			<key>code</key>
			<string>STORIES-00</string>
			<key>name</key>
			<string>Children&apos;s Music / Stories</string>
		</dict>

		<dict>
			<key>code</key>
			<string>CHINESE-00</string>
			<key>name</key>
			<string>Chinese</string>
		</dict>

		<dict>
			<key>code</key>
			<string>CHINESE-CLASSICAL-00</string>
			<key>name</key>
			<string>Chinese / Chinese Classical</string>
		</dict>

		<dict>
			<key>code</key>
			<string>CHINESE-FLUTE-00</string>
			<key>name</key>
			<string>Chinese / Chinese Flute</string>
		</dict>

		<dict>
			<key>code</key>
			<string>CHINESE-OPERA-00</string>
			<key>name</key>
			<string>Chinese / Chinese Opera</string>
		</dict>

		<dict>
			<key>code</key>
			<string>CHINESE-ORCHESTRAL-00</string>
			<key>name</key>
			<string>Chinese / Chinese Orchestral</string>
		</dict>

		<dict>
			<key>code</key>
			<string>CHINESE-REGIONAL-FOLK-00</string>
			<key>name</key>
			<string>Chinese / Chinese Regional Folk</string>
		</dict>

		<dict>
			<key>code</key>
			<string>CHINESE-STRINGS-00</string>
			<key>name</key>
			<string>Chinese / Chinese Strings</string>
		</dict>

		<dict>
			<key>code</key>
			<string>TAIWANESE-FOLK-00</string>
			<key>name</key>
			<string>Chinese / Taiwanese Folk</string>
		</dict>

		<dict>
			<key>code</key>
			<string>TIBETAN-NATIVE-MUSIC-00</string>
			<key>name</key>
			<string>Chinese / Tibetan Native Music</string>
		</dict>

		<dict>
			<key>code</key>
			<string>CHRISTIAN-GOSPEL-00</string>
			<key>name</key>
			<string>Christian &amp; Gospel</string>
		</dict>

		<dict>
			<key>code</key>
			<string>CCM-00</string>
			<key>name</key>
			<string>Christian &amp; Gospel / CCM</string>
		</dict>

		<dict>
			<key>code</key>
			<string>CHRISTIAN-METAL-00</string>
			<key>name</key>
			<string>Christian &amp; Gospel / Christian Metal</string>
		</dict>

		<dict>
			<key>code</key>
			<string>CHRISTIAN-POP-00</string>
			<key>name</key>
			<string>Christian &amp; Gospel / Christian Pop</string>
		</dict>

		<dict>
			<key>code</key>
			<string>CHRISTIAN-RAP-00</string>
			<key>name</key>
			<string>Christian &amp; Gospel / Christian Rap</string>
		</dict>

		<dict>
			<key>code</key>
			<string>CHRISTIAN-ROCK-00</string>
			<key>name</key>
			<string>Christian &amp; Gospel / Christian Rock</string>
		</dict>

		<dict>
			<key>code</key>
			<string>CLASSIC-CHRISTIAN-00</string>
			<key>name</key>
			<string>Christian &amp; Gospel / Classic Christian</string>
		</dict>

		<dict>
			<key>code</key>
			<string>CONTEMPORARY-GOSPEL-00</string>
			<key>name</key>
			<string>Christian &amp; Gospel / Contemporary Gospel</string>
		</dict>

		<dict>
			<key>code</key>
			<string>GOSPEL-00</string>
			<key>name</key>
			<string>Christian &amp; Gospel / Gospel</string>
		</dict>

		<dict>
			<key>code</key>
			<string>PRAISE-WORSHIP-00</string>
			<key>name</key>
			<string>Christian &amp; Gospel / Praise &amp; Worship</string>
		</dict>

		<dict>
			<key>code</key>
			<string>SOUTHERN-GOSPEL-00</string>
			<key>name</key>
			<string>Christian &amp; Gospel / Southern Gospel</string>
		</dict>

		<dict>
			<key>code</key>
			<string>TRADITIONAL-GOSPEL-00</string>
			<key>name</key>
			<string>Christian &amp; Gospel / Traditional Gospel</string>
		</dict>

		<dict>
			<key>code</key>
			<string>CLASSICAL-00</string>
			<key>name</key>
			<string>Classical</string>
		</dict>

		<dict>
			<key>code</key>
			<string>AVANT-GARDE-00</string>
			<key>name</key>
			<string>Classical / Avant-Garde</string>
		</dict>

		<dict>
			<key>code</key>
			<string>BAROQUE-00</string>
			<key>name</key>
			<string>Classical / Baroque</string>
		</dict>

		<dict>
			<key>code</key>
			<string>CHAMBER-MUSIC-00</string>
			<key>name</key>
			<string>Classical / Chamber Music</string>
		</dict>

		<dict>
			<key>code</key>
			<string>CHANT-00</string>
			<key>name</key>
			<string>Classical / Chant</string>
		</dict>

		<dict>
			<key>code</key>
			<string>CHORAL-00</string>
			<key>name</key>
			<string>Classical / Choral</string>
		</dict>

		<dict>
			<key>code</key>
			<string>CLASSICAL-CROSSOVER-00</string>
			<key>name</key>
			<string>Classical / Classical Crossover</string>
		</dict>

		<dict>
			<key>code</key>
			<string>EARLY-MUSIC-00</string>
			<key>name</key>
			<string>Classical / Early Music</string>
		</dict>

		<dict>
			<key>code</key>
			<string>HIGH-CLASSICAL-00</string>
			<key>name</key>
			<string>Classical / High Classical</string>
		</dict>

		<dict>
			<key>code</key>
			<string>IMPRESSIONIST-00</string>
			<key>name</key>
			<string>Classical / Impressionist</string>
		</dict>

		<dict>
			<key>code</key>
			<string>MEDIEVAL-00</string>
			<key>name</key>
			<string>Classical / Medieval</string>
		</dict>

		<dict>
			<key>code</key>
			<string>MINIMALISM-00</string>
			<key>name</key>
			<string>Classical / Minimalism</string>
		</dict>

		<dict>
			<key>code</key>
			<string>MODERN-COMPOSITION-00</string>
			<key>name</key>
			<string>Classical / Modern Composition</string>
		</dict>

		<dict>
			<key>code</key>
			<string>ORCHESTRAL-00</string>
			<key>name</key>
			<string>Classical / Orchestral</string>
		</dict>

		<dict>
			<key>code</key>
			<string>RENAISSANCE-00</string>
			<key>name</key>
			<string>Classical / Renaissance</string>
		</dict>

		<dict>
			<key>code</key>
			<string>ROMANTIC-00</string>
			<key>name</key>
			<string>Classical / Romantic</string>
		</dict>

		<dict>
			<key>code</key>
			<string>WEDDING-MUSIC-00</string>
			<key>name</key>
			<string>Classical / Wedding Music</string>
		</dict>

		<dict>
			<key>code</key>
			<string>COMEDY-00</string>
			<key>name</key>
			<string>Comedy</string>
		</dict>

		<dict>
			<key>code</key>
			<string>NOVELTY-00</string>
			<key>name</key>
			<string>Comedy / Novelty</string>
		</dict>

		<dict>
			<key>code</key>
			<string>STANDUP-COMEDY-00</string>
			<key>name</key>
			<string>Comedy / Standup Comedy</string>
		</dict>

		<dict>
			<key>code</key>
			<string>COUNTRY-00</string>
			<key>name</key>
			<string>Country</string>
		</dict>

		<dict>
			<key>code</key>
			<string>ALTERNATIVE-COUNTRY-00</string>
			<key>name</key>
			<string>Country / Alternative Country</string>
		</dict>

		<dict>
			<key>code</key>
			<string>AMERICANA-00</string>
			<key>name</key>
			<string>Country / Americana</string>
		</dict>

		<dict>
			<key>code</key>
			<string>BLUEGRASS-00</string>
			<key>name</key>
			<string>Country / Bluegrass</string>
		</dict>

		<dict>
			<key>code</key>
			<string>CONTEMPORARY-BLUEGRASS-00</string>
			<key>name</key>
			<string>Country / Contemporary Bluegrass</string>
		</dict>

		<dict>
			<key>code</key>
			<string>CONTEMPORARY-COUNTRY-00</string>
			<key>name</key>
			<string>Country / Contemporary Country</string>
		</dict>

		<dict>
			<key>code</key>
			<string>COUNTRY-GOSPEL-00</string>
			<key>name</key>
			<string>Country / Country Gospel</string>
		</dict>

		<dict>
			<key>code</key>
			<string>HONKY-TONK-00</string>
			<key>name</key>
			<string>Country / Honky Tonk</string>
		</dict>

		<dict>
			<key>code</key>
			<string>OUTLAW-COUNTRY-00</string>
			<key>name</key>
			<string>Country / Outlaw Country</string>
		</dict>

		<dict>
			<key>code</key>
			<string>TRADITIONAL-BLUEGRASS-00</string>
			<key>name</key>
			<string>Country / Traditional Bluegrass</string>
		</dict>

		<dict>
			<key>code</key>
			<string>TRADITIONAL-COUNTRY-00</string>
			<key>name</key>
			<string>Country / Traditional Country</string>
		</dict>

		<dict>
			<key>code</key>
			<string>URBAN-COWBOY-00</string>
			<key>name</key>
			<string>Country / Urban Cowboy</string>
		</dict>

		<dict>
			<key>code</key>
			<string>DANCE-00</string>
			<key>name</key>
			<string>Dance</string>
		</dict>

		<dict>
			<key>code</key>
			<string>BREAKBEAT-00</string>
			<key>name</key>
			<string>Dance / Breakbeat</string>
		</dict>

		<dict>
			<key>code</key>
			<string>EXERCISE-00</string>
			<key>name</key>
			<string>Dance / Exercise</string>
		</dict>

		<dict>
			<key>code</key>
			<string>GARAGE-00</string>
			<key>name</key>
			<string>Dance / Garage</string>
		</dict>

		<dict>
			<key>code</key>
			<string>HARDCORE-00</string>
			<key>name</key>
			<string>Dance / Hardcore</string>
		</dict>

		<dict>
			<key>code</key>
			<string>HOUSE-00</string>
			<key>name</key>
			<string>Dance / House</string>
		</dict>

		<dict>
			<key>code</key>
			<string>JUNGLE-DRUM-N-BASS-00</string>
			<key>name</key>
			<string>Dance / Jungle/Drum&apos;n&apos;bass</string>
		</dict>

		<dict>
			<key>code</key>
			<string>TECHNO-00</string>
			<key>name</key>
			<string>Dance / Techno</string>
		</dict>

		<dict>
			<key>code</key>
			<string>TRANCE-00</string>
			<key>name</key>
			<string>Dance / Trance</string>
		</dict>

		<dict>
			<key>code</key>
			<string>DISNEY-00</string>
			<key>name</key>
			<string>Disney</string>
		</dict>

		<dict>
			<key>code</key>
			<string>EASY-LISTENING-00</string>
			<key>name</key>
			<string>Easy Listening</string>
		</dict>

		<dict>
			<key>code</key>
			<string>BOP-00</string>
			<key>name</key>
			<string>Easy Listening / Bop</string>
		</dict>

		<dict>
			<key>code</key>
			<string>LOUNGE-00</string>
			<key>name</key>
			<string>Easy Listening / Lounge</string>
		</dict>

		<dict>
			<key>code</key>
			<string>SWING-00</string>
			<key>name</key>
			<string>Easy Listening / Swing</string>
		</dict>

		<dict>
			<key>code</key>
			<string>ELECTRONIC-00</string>
			<key>name</key>
			<string>Electronic</string>
		</dict>

		<dict>
			<key>code</key>
			<string>AMBIENT-00</string>
			<key>name</key>
			<string>Electronic / Ambient</string>
		</dict>

		<dict>
			<key>code</key>
			<string>DOWNTEMPO-00</string>
			<key>name</key>
			<string>Electronic / Downtempo</string>
		</dict>

		<dict>
			<key>code</key>
			<string>ELECTRONICA-00</string>
			<key>name</key>
			<string>Electronic / Electronica</string>
		</dict>

		<dict>
			<key>code</key>
			<string>IDM-EXPERIMENTAL-00</string>
			<key>name</key>
			<string>Electronic / IDM/Experimental</string>
		</dict>

		<dict>
			<key>code</key>
			<string>INDUSTRIAL-00</string>
			<key>name</key>
			<string>Electronic / Industrial</string>
		</dict>

		<dict>
			<key>code</key>
			<string>ENKA-00</string>
			<key>name</key>
			<string>Enka</string>
		</dict>

		<dict>
			<key>code</key>
			<string>FITNESS-WORKOUT-00</string>
			<key>name</key>
			<string>Fitness &amp; Workout</string>
		</dict>

		<dict>
			<key>code</key>
			<string>FRENCH-POP-00</string>
			<key>name</key>
			<string>French Pop</string>
		</dict>

		<dict>
			<key>code</key>
			<string>GERMAN-FOLK-00</string>
			<key>name</key>
			<string>German Folk</string>
		</dict>

		<dict>
			<key>code</key>
			<string>GERMAN-POP-00</string>
			<key>name</key>
			<string>German Pop</string>
		</dict>

		<dict>
			<key>code</key>
			<string>HIP-HOP-RAP-00</string>
			<key>name</key>
			<string>Hip Hop/Rap</string>
		</dict>

		<dict>
			<key>code</key>
			<string>ALTERNATIVE-RAP-00</string>
			<key>name</key>
			<string>Hip Hop/Rap / Alternative Rap</string>
		</dict>

		<dict>
			<key>code</key>
			<string>CHINESE-HIP-HOP-00</string>
			<key>name</key>
			<string>Hip Hop/Rap / Chinese Hip-Hop</string>
		</dict>

		<dict>
			<key>code</key>
			<string>DIRTY-SOUTH-00</string>
			<key>name</key>
			<string>Hip Hop/Rap / Dirty South</string>
		</dict>

		<dict>
			<key>code</key>
			<string>EAST-COAST-RAP-00</string>
			<key>name</key>
			<string>Hip Hop/Rap / East Coast Rap</string>
		</dict>

		<dict>
			<key>code</key>
			<string>GANGSTA-RAP-00</string>
			<key>name</key>
			<string>Hip Hop/Rap / Gangsta Rap</string>
		</dict>

		<dict>
			<key>code</key>
			<string>HARDCORE-RAP-00</string>
			<key>name</key>
			<string>Hip Hop/Rap / Hardcore Rap</string>
		</dict>

		<dict>
			<key>code</key>
			<string>HIP-HOP-00</string>
			<key>name</key>
			<string>Hip Hop/Rap / Hip-Hop</string>
		</dict>

		<dict>
			<key>code</key>
			<string>KOREAN-HIP-HOP-00</string>
			<key>name</key>
			<string>Hip Hop/Rap / Korean Hip-Hop</string>
		</dict>

		<dict>
			<key>code</key>
			<string>LATIN-RAP-00</string>
			<key>name</key>
			<string>Hip Hop/Rap / Latin Rap</string>
		</dict>

		<dict>
			<key>code</key>
			<string>OLD-SCHOOL-RAP-00</string>
			<key>name</key>
			<string>Hip Hop/Rap / Old School Rap</string>
		</dict>

		<dict>
			<key>code</key>
			<string>RAP-00</string>
			<key>name</key>
			<string>Hip Hop/Rap / Rap</string>
		</dict>

		<dict>
			<key>code</key>
			<string>UNDERGROUND-RAP-00</string>
			<key>name</key>
			<string>Hip Hop/Rap / Underground Rap</string>
		</dict>

		<dict>
			<key>code</key>
			<string>WEST-COAST-RAP-00</string>
			<key>name</key>
			<string>Hip Hop/Rap / West Coast Rap</string>
		</dict>

		<dict>
			<key>code</key>
			<string>HOLIDAY-00</string>
			<key>name</key>
			<string>Holiday</string>
		</dict>

		<dict>
			<key>code</key>
			<string>CHANUKAH-00</string>
			<key>name</key>
			<string>Holiday / Chanukah</string>
		</dict>

		<dict>
			<key>code</key>
			<string>CHRISTMAS-00</string>
			<key>name</key>
			<string>Holiday / Christmas</string>
		</dict>

		<dict>
			<key>code</key>
			<string>CHRISTMAS-CHILDRENS-00</string>
			<key>name</key>
			<string>Holiday / Christmas: Children&apos;s</string>
		</dict>

		<dict>
			<key>code</key>
			<string>CHRISTMAS-CLASSIC-00</string>
			<key>name</key>
			<string>Holiday / Christmas: Classic</string>
		</dict>

		<dict>
			<key>code</key>
			<string>CHRISTMAS-CLASSICAL-00</string>
			<key>name</key>
			<string>Holiday / Christmas: Classical</string>
		</dict>

		<dict>
			<key>code</key>
			<string>CHRISTMAS-JAZZ-00</string>
			<key>name</key>
			<string>Holiday / Christmas: Jazz</string>
		</dict>

		<dict>
			<key>code</key>
			<string>CHRISTMAS-MODERN-00</string>
			<key>name</key>
			<string>Holiday / Christmas: Modern</string>
		</dict>

		<dict>
			<key>code</key>
			<string>CHRISTMAS-POP-00</string>
			<key>name</key>
			<string>Holiday / Christmas: Pop</string>
		</dict>

		<dict>
			<key>code</key>
			<string>CHRISTMAS-R-B-00</string>
			<key>name</key>
			<string>Holiday / Christmas: R&amp;B</string>
		</dict>

		<dict>
			<key>code</key>
			<string>CHRISTMAS-RELIGIOUS-00</string>
			<key>name</key>
			<string>Holiday / Christmas: Religious</string>
		</dict>

		<dict>
			<key>code</key>
			<string>CHRISTMAS-ROCK-00</string>
			<key>name</key>
			<string>Holiday / Christmas: Rock</string>
		</dict>

		<dict>
			<key>code</key>
			<string>EASTER-00</string>
			<key>name</key>
			<string>Holiday / Easter</string>
		</dict>

		<dict>
			<key>code</key>
			<string>HALLOWEEN-00</string>
			<key>name</key>
			<string>Holiday / Halloween</string>
		</dict>

		<dict>
			<key>code</key>
			<string>HOLIDAY-OTHER-00</string>
			<key>name</key>
			<string>Holiday / Holiday: Other</string>
		</dict>

		<dict>
			<key>code</key>
			<string>THANKSGIVING-00</string>
			<key>name</key>
			<string>Holiday / Thanksgiving</string>
		</dict>

		<dict>
			<key>code</key>
			<string>INDIAN-00</string>
			<key>name</key>
			<string>Indian</string>
		</dict>

		<dict>
			<key>code</key>
			<string>BOLLYWOOD-00</string>
			<key>name</key>
			<string>Indian / Bollywood</string>
		</dict>

		<dict>
			<key>code</key>
			<string>DEVOTIONAL-SPIRITUAL-00</string>
			<key>name</key>
			<string>Indian / Devotional &amp; Spiritual</string>
		</dict>

		<dict>
			<key>code</key>
			<string>INDIAN-CLASSICAL-00</string>
			<key>name</key>
			<string>Indian / Indian Classical</string>
		</dict>

		<dict>
			<key>code</key>
			<string>INDIAN-POP-00</string>
			<key>name</key>
			<string>Indian / Indian Pop</string>
		</dict>

		<dict>
			<key>code</key>
			<string>REGIONAL-INDIAN-00</string>
			<key>name</key>
			<string>Indian / Regional Indian</string>
		</dict>

		<dict>
			<key>code</key>
			<string>SUFI-AND-GHAZALS-00</string>
			<key>name</key>
			<string>Indian / Sufi and Ghazals</string>
		</dict>

		<dict>
			<key>code</key>
			<string>TAMIL-00</string>
			<key>name</key>
			<string>Indian / Tamil</string>
		</dict>

		<dict>
			<key>code</key>
			<string>TELUGU-00</string>
			<key>name</key>
			<string>Indian / Telugu</string>
		</dict>

		<dict>
			<key>code</key>
			<string>INSTRUMENTAL-00</string>
			<key>name</key>
			<string>Instrumental</string>
		</dict>

		<dict>
			<key>code</key>
			<string>J-POP-00</string>
			<key>name</key>
			<string>J-Pop</string>
		</dict>

		<dict>
			<key>code</key>
			<string>JAZZ-00</string>
			<key>name</key>
			<string>Jazz</string>
		</dict>

		<dict>
			<key>code</key>
			<string>AVANT-GARDE-JAZZ-00</string>
			<key>name</key>
			<string>Jazz / Avant-Garde Jazz</string>
		</dict>

		<dict>
			<key>code</key>
			<string>BIG-BAND-00</string>
			<key>name</key>
			<string>Jazz / Big Band</string>
		</dict>

		<dict>
			<key>code</key>
			<string>CONTEMPORARY-JAZZ-00</string>
			<key>name</key>
			<string>Jazz / Contemporary Jazz</string>
		</dict>

		<dict>
			<key>code</key>
			<string>COOL-00</string>
			<key>name</key>
			<string>Jazz / Cool</string>
		</dict>

		<dict>
			<key>code</key>
			<string>CROSSOVER-JAZZ-00</string>
			<key>name</key>
			<string>Jazz / Crossover Jazz</string>
		</dict>

		<dict>
			<key>code</key>
			<string>DIXIELAND-00</string>
			<key>name</key>
			<string>Jazz / Dixieland</string>
		</dict>

		<dict>
			<key>code</key>
			<string>FUSION-00</string>
			<key>name</key>
			<string>Jazz / Fusion</string>
		</dict>

		<dict>
			<key>code</key>
			<string>HARD-BOP-00</string>
			<key>name</key>
			<string>Jazz / Hard Bop</string>
		</dict>

		<dict>
			<key>code</key>
			<string>LATIN-JAZZ-00</string>
			<key>name</key>
			<string>Jazz / Latin Jazz</string>
		</dict>

		<dict>
			<key>code</key>
			<string>MAINSTREAM-JAZZ-00</string>
			<key>name</key>
			<string>Jazz / Mainstream Jazz</string>
		</dict>

		<dict>
			<key>code</key>
			<string>RAGTIME-00</string>
			<key>name</key>
			<string>Jazz / Ragtime</string>
		</dict>

		<dict>
			<key>code</key>
			<string>SMOOTH-JAZZ-00</string>
			<key>name</key>
			<string>Jazz / Smooth Jazz</string>
		</dict>

		<dict>
			<key>code</key>
			<string>TRAD-JAZZ-00</string>
			<key>name</key>
			<string>Jazz / Trad Jazz</string>
		</dict>

		<dict>
			<key>code</key>
			<string>K-POP-00</string>
			<key>name</key>
			<string>K-Pop</string>
		</dict>
        
		<dict>
			<key>code</key>
			<string>KARAOKE-00</string>
			<key>name</key>
			<string>Karaoke</string>
		</dict>

		<dict>
			<key>code</key>
			<string>KAYOKYOKU-00</string>
			<key>name</key>
			<string>Kayokyoku</string>
		</dict>

		<dict>
			<key>code</key>
			<string>KOREAN-00</string>
			<key>name</key>
			<string>Korean</string>
		</dict>

		<dict>
			<key>code</key>
			<string>KOREAN-CLASSICAL-00</string>
			<key>name</key>
			<string>Korean / Korean Classical</string>
		</dict>

		<dict>
			<key>code</key>
			<string>KOREAN-TRAD-INSTRUMENTAL-00</string>
			<key>name</key>
			<string>Korean / Korean Trad Instrumental</string>
		</dict>

		<dict>
			<key>code</key>
			<string>KOREAN-TRAD-SONG-00</string>
			<key>name</key>
			<string>Korean / Korean Trad Song</string>
		</dict>

		<dict>
			<key>code</key>
			<string>KOREAN-TRAD-THEATER-00</string>
			<key>name</key>
			<string>Korean / Korean Trad Theater</string>
		</dict>

		<dict>
			<key>code</key>
			<string>LATIN-00</string>
			<key>name</key>
			<string>Latin</string>
		</dict>

		<dict>
			<key>code</key>
			<string>ALTERNATIVO-ROCK-LATINO-00</string>
			<key>name</key>
			<string>Latin / Alternativo &amp; Rock Latino</string>
		</dict>

		<dict>
			<key>code</key>
			<string>BALADAS-Y-BOLEROS-00</string>
			<key>name</key>
			<string>Latin / Baladas y Boleros</string>
		</dict>

		<dict>
			<key>code</key>
			<string>CONTEMPORARY-LATIN-00</string>
			<key>name</key>
			<string>Latin / Contemporary Latin</string>
		</dict>

		<dict>
			<key>code</key>
			<string>LATIN-JAZZ-01</string>
			<key>name</key>
			<string>Latin / Latin Jazz</string>
		</dict>

		<dict>
			<key>code</key>
			<string>POP-LATINO-00</string>
			<key>name</key>
			<string>Latin / Pop Latino</string>
		</dict>

		<dict>
			<key>code</key>
			<string>RAICES-00</string>
			<key>name</key>
			<string>Latin / Raices</string>
		</dict>

		<dict>
			<key>code</key>
			<string>REGGAETON-Y-HIP-HOP-00</string>
			<key>name</key>
			<string>Latin / Reggaeton y Hip-Hop</string>
		</dict>

		<dict>
			<key>code</key>
			<string>REGIONAL-MEXICANO-00</string>
			<key>name</key>
			<string>Latin / Regional Mexicano</string>
		</dict>

		<dict>
			<key>code</key>
			<string>SALSA-Y-TROPICAL-00</string>
			<key>name</key>
			<string>Latin / Salsa y Tropical</string>
		</dict>

		<dict>
			<key>code</key>
			<string>NEW-AGE-00</string>
			<key>name</key>
			<string>New Age</string>
		</dict>

		<dict>
			<key>code</key>
			<string>ENVIRONMENTAL-00</string>
			<key>name</key>
			<string>New Age / Environmental</string>
		</dict>

		<dict>
			<key>code</key>
			<string>HEALING-00</string>
			<key>name</key>
			<string>New Age / Healing</string>
		</dict>

		<dict>
			<key>code</key>
			<string>MEDITATION-00</string>
			<key>name</key>
			<string>New Age / Meditation</string>
		</dict>

		<dict>
			<key>code</key>
			<string>NATURE-00</string>
			<key>name</key>
			<string>New Age / Nature</string>
		</dict>

		<dict>
			<key>code</key>
			<string>RELAXATION-00</string>
			<key>name</key>
			<string>New Age / Relaxation</string>
		</dict>

		<dict>
			<key>code</key>
			<string>TRAVEL-00</string>
			<key>name</key>
			<string>New Age / Travel</string>
		</dict>

		<dict>
			<key>code</key>
			<string>OPERA-00</string>
			<key>name</key>
			<string>Opera</string>
		</dict>

		<dict>
			<key>code</key>
			<string>POP-00</string>
			<key>name</key>
			<string>Pop</string>
		</dict>

		<dict>
			<key>code</key>
			<string>ADULT-CONTEMPORARY-00</string>
			<key>name</key>
			<string>Pop / Adult Contemporary</string>
		</dict>

		<dict>
			<key>code</key>
			<string>BRITPOP-00</string>
			<key>name</key>
			<string>Pop / Britpop</string>
		</dict>

		<dict>
			<key>code</key>
			<string>C-POP-00</string>
			<key>name</key>
			<string>Pop / C-Pop</string>
		</dict>

		<dict>
			<key>code</key>
			<string>CANTOPOP-HK-POP-00</string>
			<key>name</key>
			<string>Pop / Cantopop/HK-Pop</string>
		</dict>

		<dict>
			<key>code</key>
			<string>INDO-POP-00</string>
			<key>name</key>
			<string>Pop / Indo Pop</string>
		</dict>

		<dict>
			<key>code</key>
			<string>KOREAN-FOLK-POP-00</string>
			<key>name</key>
			<string>Pop / Korean Folk-Pop</string>
		</dict>

		<dict>
			<key>code</key>
			<string>MALAYSIAN-POP-00</string>
			<key>name</key>
			<string>Pop / Malaysian Pop</string>
		</dict>

		<dict>
			<key>code</key>
			<string>MANDOPOP-00</string>
			<key>name</key>
			<string>Pop / Mandopop</string>
		</dict>

		<dict>
			<key>code</key>
			<string>MANILLA-SOUND-00</string>
			<key>name</key>
			<string>Pop / Manilla Sound</string>
		</dict>

		<dict>
			<key>code</key>
			<string>ORIGINAL-PILIPINO-MUSIC-00</string>
			<key>name</key>
			<string>Pop / Original Pilipino Music</string>
		</dict>

		<dict>
			<key>code</key>
			<string>PINOY-POP-00</string>
			<key>name</key>
			<string>Pop / Pinoy Pop</string>
		</dict>

		<dict>
			<key>code</key>
			<string>POP-ROCK-00</string>
			<key>name</key>
			<string>Pop / Pop/Rock</string>
		</dict>

		<dict>
			<key>code</key>
			<string>SOFT-ROCK-00</string>
			<key>name</key>
			<string>Pop / Soft Rock</string>
		</dict>

		<dict>
			<key>code</key>
			<string>TAI-POP-00</string>
			<key>name</key>
			<string>Pop / Tai-Pop</string>
		</dict>

		<dict>
			<key>code</key>
			<string>TEEN-POP-00</string>
			<key>name</key>
			<string>Pop / Teen Pop</string>
		</dict>

		<dict>
			<key>code</key>
			<string>THAI-POP-00</string>
			<key>name</key>
			<string>Pop / Thai Pop</string>
		</dict>

		<dict>
			<key>code</key>
			<string>R-B-SOUL-00</string>
			<key>name</key>
			<string>R&amp;B/Soul</string>
		</dict>

		<dict>
			<key>code</key>
			<string>CONTEMPORARY-R-B-00</string>
			<key>name</key>
			<string>R&amp;B/Soul / Contemporary R&amp;B</string>
		</dict>

		<dict>
			<key>code</key>
			<string>DISCO-00</string>
			<key>name</key>
			<string>R&amp;B/Soul / Disco</string>
		</dict>

		<dict>
			<key>code</key>
			<string>DOO-WOP-00</string>
			<key>name</key>
			<string>R&amp;B/Soul / Doo Wop</string>
		</dict>

		<dict>
			<key>code</key>
			<string>FUNK-00</string>
			<key>name</key>
			<string>R&amp;B/Soul / Funk</string>
		</dict>

		<dict>
			<key>code</key>
			<string>MOTOWN-00</string>
			<key>name</key>
			<string>R&amp;B/Soul / Motown</string>
		</dict>

		<dict>
			<key>code</key>
			<string>NEO-SOUL-00</string>
			<key>name</key>
			<string>R&amp;B/Soul / Neo-Soul</string>
		</dict>

		<dict>
			<key>code</key>
			<string>QUIET-STORM-00</string>
			<key>name</key>
			<string>R&amp;B/Soul / Quiet Storm</string>
		</dict>

		<dict>
			<key>code</key>
			<string>SOUL-00</string>
			<key>name</key>
			<string>R&amp;B/Soul / Soul</string>
		</dict>

		<dict>
			<key>code</key>
			<string>REGGAE-00</string>
			<key>name</key>
			<string>Reggae</string>
		</dict>

		<dict>
			<key>code</key>
			<string>DANCEHALL-00</string>
			<key>name</key>
			<string>Reggae / Dancehall</string>
		</dict>

		<dict>
			<key>code</key>
			<string>DUB-00</string>
			<key>name</key>
			<string>Reggae / Dub</string>
		</dict>

		<dict>
			<key>code</key>
			<string>ROOTS-REGGAE-00</string>
			<key>name</key>
			<string>Reggae / Roots Reggae</string>
		</dict>

		<dict>
			<key>code</key>
			<string>SKA-00</string>
			<key>name</key>
			<string>Reggae / Ska</string>
		</dict>

		<dict>
			<key>code</key>
			<string>ROCK-00</string>
			<key>name</key>
			<string>Rock</string>
		</dict>

		<dict>
			<key>code</key>
			<string>ADULT-ALTERNATIVE-00</string>
			<key>name</key>
			<string>Rock / Adult Alternative</string>
		</dict>

		<dict>
			<key>code</key>
			<string>AMERICAN-TRAD-ROCK-00</string>
			<key>name</key>
			<string>Rock / American Trad Rock</string>
		</dict>

		<dict>
			<key>code</key>
			<string>ARENA-ROCK-00</string>
			<key>name</key>
			<string>Rock / Arena Rock</string>
		</dict>

		<dict>
			<key>code</key>
			<string>BLUES-ROCK-00</string>
			<key>name</key>
			<string>Rock / Blues-Rock</string>
		</dict>

		<dict>
			<key>code</key>
			<string>BRITISH-INVASION-00</string>
			<key>name</key>
			<string>Rock / British Invasion</string>
		</dict>

		<dict>
			<key>code</key>
			<string>CHINESE-ROCK-00</string>
			<key>name</key>
			<string>Rock / Chinese Rock</string>
		</dict>

		<dict>
			<key>code</key>
			<string>DEATH-METAL-BLACK-METAL-00</string>
			<key>name</key>
			<string>Rock / Death Metal/Black Metal</string>
		</dict>

		<dict>
			<key>code</key>
			<string>GLAM-ROCK-00</string>
			<key>name</key>
			<string>Rock / Glam Rock</string>
		</dict>

		<dict>
			<key>code</key>
			<string>HAIR-METAL-00</string>
			<key>name</key>
			<string>Rock / Hair Metal</string>
		</dict>

		<dict>
			<key>code</key>
			<string>HARD-ROCK-00</string>
			<key>name</key>
			<string>Rock / Hard Rock</string>
		</dict>

		<dict>
			<key>code</key>
			<string>HEAVY-METAL-00</string>
			<key>name</key>
			<string>Rock / Heavy Metal</string>
		</dict>

		<dict>
			<key>code</key>
			<string>JAM-BANDS-00</string>
			<key>name</key>
			<string>Rock / Jam Bands</string>
		</dict>

		<dict>
			<key>code</key>
			<string>KOREAN-ROCK-00</string>
			<key>name</key>
			<string>Rock / Korean Rock</string>
		</dict>

		<dict>
			<key>code</key>
			<string>PROG-ROCK-ART-ROCK-00</string>
			<key>name</key>
			<string>Rock / Prog-Rock/Art Rock</string>
		</dict>

		<dict>
			<key>code</key>
			<string>PSYCHEDELIC-00</string>
			<key>name</key>
			<string>Rock / Psychedelic</string>
		</dict>

		<dict>
			<key>code</key>
			<string>ROCK-ROLL-00</string>
			<key>name</key>
			<string>Rock / Rock &amp; Roll</string>
		</dict>

		<dict>
			<key>code</key>
			<string>ROCKABILLY-00</string>
			<key>name</key>
			<string>Rock / Rockabilly</string>
		</dict>

		<dict>
			<key>code</key>
			<string>ROOTS-ROCK-00</string>
			<key>name</key>
			<string>Rock / Roots Rock</string>
		</dict>

		<dict>
			<key>code</key>
			<string>SINGER-SONGWRITER-01</string>
			<key>name</key>
			<string>Rock / Singer/Songwriter</string>
		</dict>

		<dict>
			<key>code</key>
			<string>SOUTHERN-ROCK-00</string>
			<key>name</key>
			<string>Rock / Southern Rock</string>
		</dict>

		<dict>
			<key>code</key>
			<string>SURF-00</string>
			<key>name</key>
			<string>Rock / Surf</string>
		</dict>

		<dict>
			<key>code</key>
			<string>TEX-MEX-00</string>
			<key>name</key>
			<string>Rock / Tex-Mex</string>
		</dict>

		<dict>
			<key>code</key>
			<string>SINGER-SONGWRITER-00</string>
			<key>name</key>
			<string>Singer/Songwriter</string>
		</dict>

		<dict>
			<key>code</key>
			<string>ALTERNATIVE-FOLK-00</string>
			<key>name</key>
			<string>Singer/Songwriter / Alternative Folk</string>
		</dict>

		<dict>
			<key>code</key>
			<string>CONTEMPORARY-FOLK-00</string>
			<key>name</key>
			<string>Singer/Songwriter / Contemporary Folk</string>
		</dict>

		<dict>
			<key>code</key>
			<string>CONTEMPORARY-SINGER-SONGWRITER-00</string>
			<key>name</key>
			<string>Singer/Songwriter / Contemporary Singer/Songwriter</string>
		</dict>

		<dict>
			<key>code</key>
			<string>FOLK-ROCK-00</string>
			<key>name</key>
			<string>Singer/Songwriter / Folk-Rock</string>
		</dict>

		<dict>
			<key>code</key>
			<string>NEW-ACOUSTIC-00</string>
			<key>name</key>
			<string>Singer/Songwriter / New Acoustic</string>
		</dict>

		<dict>
			<key>code</key>
			<string>TRADITIONAL-FOLK-00</string>
			<key>name</key>
			<string>Singer/Songwriter / Traditional Folk</string>
		</dict>

		<dict>
			<key>code</key>
			<string>SOUNDTRACK-00</string>
			<key>name</key>
			<string>Soundtrack</string>
		</dict>

		<dict>
			<key>code</key>
			<string>FOREIGN-CINEMA-00</string>
			<key>name</key>
			<string>Soundtrack / Foreign Cinema</string>
		</dict>

		<dict>
			<key>code</key>
			<string>MUSICALS-00</string>
			<key>name</key>
			<string>Soundtrack / Musicals</string>
		</dict>

		<dict>
			<key>code</key>
			<string>ORIGINAL-SCORE-00</string>
			<key>name</key>
			<string>Soundtrack / Original Score</string>
		</dict>

		<dict>
			<key>code</key>
			<string>FILM-SOUNDTRACK-00</string>
			<key>name</key>
			<string>Soundtrack / Soundtrack</string>
		</dict>

		<dict>
			<key>code</key>
			<string>TV-SOUNDTRACK-00</string>
			<key>name</key>
			<string>Soundtrack / TV Soundtrack</string>
		</dict>

		<dict>
			<key>code</key>
			<string>SPOKEN-WORD-00</string>
			<key>name</key>
			<string>Spoken Word</string>
		</dict>

		<dict>
			<key>code</key>
			<string>VOCAL-00</string>
			<key>name</key>
			<string>Vocal</string>
		</dict>

		<dict>
			<key>code</key>
			<string>STANDARDS-00</string>
			<key>name</key>
			<string>Vocal / Standards</string>
		</dict>

		<dict>
			<key>code</key>
			<string>TRADITIONAL-POP-00</string>
			<key>name</key>
			<string>Vocal / Traditional Pop</string>
		</dict>

		<dict>
			<key>code</key>
			<string>TROT-00</string>
			<key>name</key>
			<string>Vocal / Trot</string>
		</dict>

		<dict>
			<key>code</key>
			<string>VOCAL-JAZZ-00</string>
			<key>name</key>
			<string>Vocal / Vocal Jazz</string>
		</dict>

		<dict>
			<key>code</key>
			<string>VOCAL-POP-00</string>
			<key>name</key>
			<string>Vocal / Vocal Pop</string>
		</dict>

		<dict>
			<key>code</key>
			<string>WORLD-00</string>
			<key>name</key>
			<string>World</string>
		</dict>

		<dict>
			<key>code</key>
			<string>AFRICA-00</string>
			<key>name</key>
			<string>World / Africa</string>
		</dict>

		<dict>
			<key>code</key>
			<string>AFRO-BEAT-00</string>
			<key>name</key>
			<string>World / Afro-Beat</string>
		</dict>

		<dict>
			<key>code</key>
			<string>AFRO-POP-00</string>
			<key>name</key>
			<string>World / Afro-Pop</string>
		</dict>

		<dict>
			<key>code</key>
			<string>ASIA-00</string>
			<key>name</key>
			<string>World / Asia</string>
		</dict>

		<dict>
			<key>code</key>
			<string>AUSTRALIA-00</string>
			<key>name</key>
			<string>World / Australia</string>
		</dict>

		<dict>
			<key>code</key>
			<string>CAJUN-00</string>
			<key>name</key>
			<string>World / Cajun</string>
		</dict>

		<dict>
			<key>code</key>
			<string>CARIBBEAN-00</string>
			<key>name</key>
			<string>World / Caribbean</string>
		</dict>

		<dict>
			<key>code</key>
			<string>CELTIC-00</string>
			<key>name</key>
			<string>World / Celtic</string>
		</dict>

		<dict>
			<key>code</key>
			<string>CELTIC-FOLK-00</string>
			<key>name</key>
			<string>World / Celtic Folk</string>
		</dict>

		<dict>
			<key>code</key>
			<string>CONTEMPORARY-CELTIC-00</string>
			<key>name</key>
			<string>World / Contemporary Celtic</string>
		</dict>

		<dict>
			<key>code</key>
			<string>DANGDUT-00</string>
			<key>name</key>
			<string>World / Dangdut</string>
		</dict>

		<dict>
			<key>code</key>
			<string>DINI-00</string>
			<key>name</key>
			<string>World / Dini</string>
		</dict>

		<dict>
			<key>code</key>
			<string>DRINKING-SONGS-00</string>
			<key>name</key>
			<string>World / Drinking Songs</string>
		</dict>

		<dict>
			<key>code</key>
			<string>EUROPE-00</string>
			<key>name</key>
			<string>World / Europe</string>
		</dict>

		<dict>
			<key>code</key>
			<string>FRANCE-00</string>
			<key>name</key>
			<string>World / France</string>
		</dict>

		<dict>
			<key>code</key>
			<string>HALK-00</string>
			<key>name</key>
			<string>World / Halk</string>
		</dict>

		<dict>
			<key>code</key>
			<string>HAWAII-00</string>
			<key>name</key>
			<string>World / Hawaii</string>
		</dict>

		<dict>
			<key>code</key>
			<string>INDONESIAN-RELIGIOUS-00</string>
			<key>name</key>
			<string>World / Indonesian Religious</string>
		</dict>

		<dict>
			<key>code</key>
			<string>JAPAN-00</string>
			<key>name</key>
			<string>World / Japan</string>
		</dict>

		<dict>
			<key>code</key>
			<string>JAPANESE-POP-00</string>
			<key>name</key>
			<string>World / Japanese Pop</string>
		</dict>

		<dict>
			<key>code</key>
			<string>KLEZMER-00</string>
			<key>name</key>
			<string>World / Klezmer</string>
		</dict>

		<dict>
			<key>code</key>
			<string>MIDDLE-EAST-00</string>
			<key>name</key>
			<string>World / Middle East</string>
		</dict>

		<dict>
			<key>code</key>
			<string>NORTH-AMERICA-00</string>
			<key>name</key>
			<string>World / North America</string>
		</dict>

		<dict>
			<key>code</key>
			<string>POLKA-00</string>
			<key>name</key>
			<string>World / Polka</string>
		</dict>

		<dict>
			<key>code</key>
			<string>RUSSIAN-CHANSON-00</string>
			<key>name</key>
			<string>World / Russian Chanson</string>
		</dict>

		<dict>
			<key>code</key>
			<string>SANAT-00</string>
			<key>name</key>
			<string>World / Sanat</string>
		</dict>

		<dict>
			<key>code</key>
			<string>SOUTH-AFRICA-00</string>
			<key>name</key>
			<string>World / South Africa</string>
		</dict>

		<dict>
			<key>code</key>
			<string>SOUTH-AMERICA-00</string>
			<key>name</key>
			<string>World / South America</string>
		</dict>

		<dict>
			<key>code</key>
			<string>TRADITIONAL-CELTIC-00</string>
			<key>name</key>
			<string>World / Traditional Celtic</string>
		</dict>

		<dict>
			<key>code</key>
			<string>WORLDBEAT-00</string>
			<key>name</key>
			<string>World / Worldbeat</string>
		</dict>

		<dict>
			<key>code</key>
			<string>ZYDECO-00</string>
			<key>name</key>
			<string>World / Zydeco</string>
		</dict>
	</array>
</plist>
