<?xml version="1.0" encoding="UTF-8"?>
<!DOCTYPE plist PUBLIC "-//Apple//DTD PLIST 1.0//EN" "http://www.apple.com/DTDs/PropertyList-1.0.dtd">
<!--
 isAudioLanguage flag controls if the language is available for the track audio language field
 isMetadataLanguage flag controls if the language is available for metadata language fields
-->
<plist version="1.0">
<array>
    <dict>
        <key>name</key>
        <string>Afrikaans</string>
        <key>code</key>
        <string>af</string>
        <key>allowsPhonetic</key>
        <false/>
        <key>isAudioLanguage</key>
        <true/>
        <key>isMetadataLanguage</key>
        <true/>
    </dict>
    <dict>
        <key>name</key>
        <string>Arabic</string>
        <key>code</key>
        <string>ar</string>
        <key>allowsPhonetic</key>
        <false/>
        <key>isAudioLanguage</key>
        <true/>
        <key>isMetadataLanguage</key>
        <true/>
    </dict>
    <dict>
        <key>code</key>
		<string>be</string>
		<key>name</key>
		<string>Belarusian</string>
        <key>allowsPhonetic</key>
        <true/>
        <key>isAudioLanguage</key>
        <true/>
        <key>isMetadataLanguage</key>
        <false/>
    </dict>
    <dict>
        <key>name</key>
        <string>Bengali</string>
        <key>code</key>
        <string>bn</string>
        <key>allowsPhonetic</key>
        <false/>
        <key>isAudioLanguage</key>
        <true/>
        <key>isMetadataLanguage</key>
        <false/>
    </dict>
    <dict>
		<key>code</key>
		<string>bg</string>
		<key>name</key>
		<string>Bulgarian</string>
        <key>allowsPhonetic</key>
        <true/>
        <key>isAudioLanguage</key>
        <true/>
        <key>isMetadataLanguage</key>
        <true/>
	</dict>
    <dict>
        <key>name</key>
        <string>Cantonese</string>
        <key>code</key>
        <string>yue-Hant</string>
        <key>allowsPhonetic</key>
        <true/>
        <key>isAudioLanguage</key>
        <true/>
        <key>isMetadataLanguage</key>
        <true/>
    </dict>
    <dict>
        <key>name</key>
        <string>Catalan</string>
        <key>code</key>
        <string>ca</string>
        <key>allowsPhonetic</key>
        <false/>
        <key>isAudioLanguage</key>
        <true/>
        <key>isMetadataLanguage</key>
        <true/>
    </dict>
    <dict>
        <key>name</key>
        <string>Chinese (Simplified)</string>
        <key>code</key>
        <string>cmn-Hans</string>
        <key>allowsPhonetic</key>
        <true/>
        <key>isAudioLanguage</key>
        <false/>
        <key>isMetadataLanguage</key>
        <true/>
    </dict>
    <dict>
        <key>name</key>
        <string>Chinese (Traditional)</string>
        <key>code</key>
        <string>cmn-Hant</string>
        <key>allowsPhonetic</key>
        <true/>
        <key>isAudioLanguage</key>
        <false/>
        <key>isMetadataLanguage</key>
        <true/>
    </dict>
    <dict>
        <key>name</key>
        <string>Croatian</string>
        <key>code</key>
        <string>hr</string>
        <key>allowsPhonetic</key>
        <false/>
        <key>isAudioLanguage</key>
        <true/>
        <key>isMetadataLanguage</key>
        <true/>
    </dict>
    <dict>
        <key>name</key>
        <string>Czech</string>
        <key>code</key>
        <string>cs</string>
        <key>allowsPhonetic</key>
        <false/>
        <key>isAudioLanguage</key>
        <true/>
        <key>isMetadataLanguage</key>
        <true/>
    </dict>
    <dict>
        <key>name</key>
        <string>Danish</string>
        <key>code</key>
        <string>da</string>
        <key>allowsPhonetic</key>
        <false/>
        <key>isAudioLanguage</key>
        <true/>
        <key>isMetadataLanguage</key>
        <true/>
    </dict>
    <dict>
        <key>name</key>
        <string>Dutch</string>
        <key>code</key>
        <string>nl</string>
        <key>allowsPhonetic</key>
        <false/>
        <key>isAudioLanguage</key>
        <true/>
        <key>isMetadataLanguage</key>
        <true/>
    </dict>
    <dict>
        <key>name</key>
        <string>English</string>
        <key>code</key>
        <string>en</string>
        <key>allowsPhonetic</key>
        <false/>
        <key>isAudioLanguage</key>
        <true/>
        <key>isMetadataLanguage</key>
        <true/>
    </dict>
    <dict>
        <key>name</key>
        <string>Estonian</string>
        <key>code</key>
        <string>et</string>
        <key>allowsPhonetic</key>
        <false/>
        <key>isAudioLanguage</key>
        <true/>
        <key>isMetadataLanguage</key>
        <true/>
    </dict>
    <dict>
        <key>name</key>
        <string>Finnish</string>
        <key>code</key>
        <string>fi</string>
        <key>allowsPhonetic</key>
        <false/>
        <key>isAudioLanguage</key>
        <true/>
        <key>isMetadataLanguage</key>
        <true/>
    </dict>
    <dict>
        <key>name</key>
        <string>French</string>
        <key>code</key>
        <string>fr</string>
        <key>allowsPhonetic</key>
        <false/>
        <key>isAudioLanguage</key>
        <true/>
        <key>isMetadataLanguage</key>
        <true/>
    </dict>
    <dict>
        <key>name</key>
        <string>German</string>
        <key>code</key>
        <string>de</string>
        <key>allowsPhonetic</key>
        <false/>
        <key>isAudioLanguage</key>
        <true/>
        <key>isMetadataLanguage</key>
        <true/>
    </dict>
    <dict>
        <key>name</key>
        <string>Greek</string>
        <key>code</key>
        <string>el</string>
        <key>allowsPhonetic</key>
        <false/>
        <key>isAudioLanguage</key>
        <true/>
        <key>isMetadataLanguage</key>
        <true/>
    </dict>
    <dict>
        <key>name</key>
        <string>Gujarati</string>
        <key>code</key>
        <string>gu</string>
        <key>allowsPhonetic</key>
        <false/>
        <key>isAudioLanguage</key>
        <true/>
        <key>isMetadataLanguage</key>
        <false/>
    </dict>
    <dict>
        <key>name</key>
        <string>Hawaiian</string>
        <key>code</key>
        <string>haw</string>
        <key>allowsPhonetic</key>
        <false/>
        <key>isAudioLanguage</key>
        <true/>
        <key>isMetadataLanguage</key>
        <false/>
    </dict>
    <dict>
        <key>name</key>
        <string>Hebrew</string>
        <key>code</key>
        <string>he</string>
        <key>allowsPhonetic</key>
        <false/>
        <key>isAudioLanguage</key>
        <true/>
        <key>isMetadataLanguage</key>
        <true/>
    </dict>
    <dict>
        <key>name</key>
        <string>Hindi</string>
        <key>code</key>
        <string>hi</string>
        <key>allowsPhonetic</key>
        <false/>
        <key>isAudioLanguage</key>
        <true/>
        <key>isMetadataLanguage</key>
        <true/>
    </dict>
    <dict>
        <key>name</key>
        <string>Hungarian</string>
        <key>code</key>
        <string>hu</string>
        <key>allowsPhonetic</key>
        <false/>
        <key>isAudioLanguage</key>
        <true/>
        <key>isMetadataLanguage</key>
        <true/>
    </dict>
    <dict>
        <key>name</key>
        <string>Icelandic</string>
        <key>code</key>
        <string>is</string>
        <key>allowsPhonetic</key>
        <false/>
        <key>isAudioLanguage</key>
        <true/>
        <key>isMetadataLanguage</key>
        <true/>
    </dict>
    <dict>
        <key>name</key>
        <string>Indonesian</string>
        <key>code</key>
        <string>id</string>
        <key>allowsPhonetic</key>
        <false/>
        <key>isAudioLanguage</key>
        <true/>
        <key>isMetadataLanguage</key>
        <true/>
    </dict>
    <dict>
        <key>name</key>
        <string>Italian</string>
        <key>code</key>
        <string>it</string>
        <key>allowsPhonetic</key>
        <false/>
        <key>isAudioLanguage</key>
        <true/>
        <key>isMetadataLanguage</key>
        <true/>
    </dict>
    <dict>
        <key>name</key>
        <string>Japanese</string>
        <key>code</key>
        <string>ja</string>
        <key>allowsPhonetic</key>
        <true/>
        <key>isAudioLanguage</key>
        <true/>
        <key>isMetadataLanguage</key>
        <true/>
    </dict>
    <dict>
        <key>name</key>
        <string>Kannada</string>
        <key>code</key>
        <string>kn</string>
        <key>allowsPhonetic</key>
        <true/>
        <key>isAudioLanguage</key>
        <true/>
        <key>isMetadataLanguage</key>
        <false/>
    </dict>
    <dict>
        <key>name</key>
        <string>Kazakh</string>
        <key>code</key>
        <string>kk</string>
        <key>allowsPhonetic</key>
        <true/>
        <key>isAudioLanguage</key>
        <true/>
        <key>isMetadataLanguage</key>
        <true/>
    </dict>
    <dict>
        <key>name</key>
        <string>Korean</string>
        <key>code</key>
        <string>ko</string>
        <key>allowsPhonetic</key>
        <true/>
        <key>isAudioLanguage</key>
        <true/>
        <key>isMetadataLanguage</key>
        <true/>
    </dict>
    <dict>
        <key>name</key>
        <string>Lao</string>
        <key>code</key>
        <string>lo</string>
        <key>allowsPhonetic</key>
        <false/>
        <key>isAudioLanguage</key>
        <true/>
        <key>isMetadataLanguage</key>
        <true/>
    </dict>
    <dict>
        <key>name</key>
        <string>Latvian</string>
        <key>code</key>
        <string>lv</string>
        <key>allowsPhonetic</key>
        <false/>
        <key>isAudioLanguage</key>
        <true/>
        <key>isMetadataLanguage</key>
        <true/>
    </dict>
    <dict>
        <key>name</key>
        <string>Lithuanian</string>
        <key>code</key>
        <string>lt</string>
        <key>allowsPhonetic</key>
        <false/>
        <key>isAudioLanguage</key>
        <true/>
        <key>isMetadataLanguage</key>
        <true/>
    </dict>
    <dict>
        <key>name</key>
        <string>Malay</string>
        <key>code</key>
        <string>ms</string>
        <key>allowsPhonetic</key>
        <false/>
        <key>isAudioLanguage</key>
        <true/>
        <key>isMetadataLanguage</key>
        <true/>
    </dict>
    <dict>
        <key>name</key>
        <string>Malayalam</string>
        <key>code</key>
        <string>ml</string>
        <key>allowsPhonetic</key>
        <false/>
        <key>isAudioLanguage</key>
        <true/>
        <key>isMetadataLanguage</key>
        <false/>
    </dict>
    <dict>
        <key>name</key>
        <string>Mandarin</string>
        <key>code</key>
        <string>cmn</string>
        <key>allowsPhonetic</key>
        <true/>
        <key>isAudioLanguage</key>
        <true/>
        <key>isMetadataLanguage</key>
        <false/>
    </dict>
    <dict>
        <key>name</key>
        <string>Maori</string>
        <key>code</key>
        <string>mi</string>
        <key>allowsPhonetic</key>
        <false/>
        <key>isAudioLanguage</key>
        <true/>
        <key>isMetadataLanguage</key>
        <false/>
    </dict>
    <dict>
        <key>name</key>
        <string>Marathi</string>
        <key>code</key>
        <string>mr</string>
        <key>allowsPhonetic</key>
        <false/>
        <key>isAudioLanguage</key>
        <true/>
        <key>isMetadataLanguage</key>
        <false/>
    </dict>
    <dict>
        <key>name</key>
        <string>Norwegian</string>
        <key>code</key>
        <string>no</string>
        <key>allowsPhonetic</key>
        <false/>
        <key>isAudioLanguage</key>
        <true/>
        <key>isMetadataLanguage</key>
        <true/>
    </dict>
    <dict>
        <key>name</key>
        <string>Persian</string>
        <key>code</key>
        <string>fa</string>
        <key>allowsPhonetic</key>
        <false/>
        <key>isAudioLanguage</key>
        <true/>
        <key>isMetadataLanguage</key>
        <false/>
    </dict>
    <dict>
        <key>name</key>
        <string>Polish</string>
        <key>code</key>
        <string>pl</string>
        <key>allowsPhonetic</key>
        <false/>
        <key>isAudioLanguage</key>
        <true/>
        <key>isMetadataLanguage</key>
        <true/>
    </dict>
    <dict>
        <key>name</key>
        <string>Portuguese</string>
        <key>code</key>
        <string>pt</string>
        <key>allowsPhonetic</key>
        <false/>
        <key>isAudioLanguage</key>
        <true/>
        <key>isMetadataLanguage</key>
        <true/>
    </dict>
    <dict>
        <key>name</key>
        <string>Punjabi</string>
        <key>code</key>
        <string>pa</string>
        <key>allowsPhonetic</key>
        <false/>
        <key>isAudioLanguage</key>
        <true/>
        <key>isMetadataLanguage</key>
        <false/>
    </dict>
    <dict>
        <key>name</key>
        <string>Romanian</string>
        <key>code</key>
        <string>ro</string>
        <key>allowsPhonetic</key>
        <false/>
        <key>isAudioLanguage</key>
        <true/>
        <key>isMetadataLanguage</key>
        <true/>
    </dict>
    <dict>
        <key>name</key>
        <string>Russian</string>
        <key>code</key>
        <string>ru</string>
        <key>allowsPhonetic</key>
        <true/>
        <key>isAudioLanguage</key>
        <true/>
        <key>isMetadataLanguage</key>
        <true/>
    </dict>
    <dict>
        <key>name</key>
        <string>Samoan</string>
        <key>code</key>
        <string>sm</string>
        <key>allowsPhonetic</key>
        <false/>
        <key>isAudioLanguage</key>
        <true/>
        <key>isMetadataLanguage</key>
        <false/>
    </dict>
    <dict>
        <key>name</key>
        <string>Slovak</string>
        <key>code</key>
        <string>sk</string>
        <key>allowsPhonetic</key>
        <false/>
        <key>isAudioLanguage</key>
        <true/>
        <key>isMetadataLanguage</key>
        <true/>
    </dict>
    <dict>
        <key>name</key>
        <string>Slovenian</string>
        <key>code</key>
        <string>sl</string>
        <key>allowsPhonetic</key>
        <false/>
        <key>isAudioLanguage</key>
        <true/>
        <key>isMetadataLanguage</key>
        <true/>
    </dict>
    <dict>
        <key>name</key>
        <string>Spanish</string>
        <key>code</key>
        <string>es</string>
        <key>allowsPhonetic</key>
        <false/>
        <key>isAudioLanguage</key>
        <true/>
        <key>isMetadataLanguage</key>
        <true/>
    </dict>
    <dict>
        <key>name</key>
        <string>Swedish</string>
        <key>code</key>
        <string>sv</string>
        <key>allowsPhonetic</key>
        <false/>
        <key>isAudioLanguage</key>
        <true/>
        <key>isMetadataLanguage</key>
        <true/>
    </dict>
    <dict>
        <key>name</key>
        <string>Tagalog</string>
        <key>code</key>
        <string>tl</string>
        <key>allowsPhonetic</key>
        <false/>
        <key>isAudioLanguage</key>
        <true/>
        <key>isMetadataLanguage</key>
        <true/>
    </dict>
    <dict>
        <key>name</key>
        <string>Tahitian</string>
        <key>code</key>
        <string>ty</string>
        <key>allowsPhonetic</key>
        <false/>
        <key>isAudioLanguage</key>
        <true/>
        <key>isMetadataLanguage</key>
        <false/>
    </dict>
    <dict>
        <key>name</key>
        <string>Taiwanese</string>
        <key>code</key>
        <string>nan</string>
        <key>allowsPhonetic</key>
        <false/>
        <key>isAudioLanguage</key>
        <true/>
        <key>isMetadataLanguage</key>
        <false/>
    </dict>
    <dict>
        <key>name</key>
        <string>Tamil</string>
        <key>code</key>
        <string>ta</string>
        <key>allowsPhonetic</key>
        <false/>
        <key>isAudioLanguage</key>
        <true/>
        <key>isMetadataLanguage</key>
        <true/>
    </dict>
    <dict>
        <key>name</key>
        <string>Telugu</string>
        <key>code</key>
        <string>te</string>
        <key>allowsPhonetic</key>
        <false/>
        <key>isAudioLanguage</key>
        <true/>
        <key>isMetadataLanguage</key>
        <true/>
    </dict>
    <dict>
        <key>name</key>
        <string>Thai</string>
        <key>code</key>
        <string>th</string>
        <key>allowsPhonetic</key>
        <true/>
        <key>isAudioLanguage</key>
        <true/>
        <key>isMetadataLanguage</key>
        <true/>
    </dict>
    <dict>
        <key>name</key>
        <string>Tonga</string>
        <key>code</key>
        <string>to</string>
        <key>allowsPhonetic</key>
        <false/>
        <key>isAudioLanguage</key>
        <true/>
        <key>isMetadataLanguage</key>
        <false/>
    </dict>
    <dict>
        <key>name</key>
        <string>Turkish</string>
        <key>code</key>
        <string>tr</string>
        <key>allowsPhonetic</key>
        <false/>
        <key>isAudioLanguage</key>
        <true/>
        <key>isMetadataLanguage</key>
        <true/>
    </dict>
    <dict>
        <key>name</key>
        <string>Ukrainian</string>
        <key>code</key>
        <string>uk</string>
        <key>allowsPhonetic</key>
        <true/>
        <key>isAudioLanguage</key>
        <true/>
        <key>isMetadataLanguage</key>
        <true/>
    </dict>
    <dict>
        <key>name</key>
        <string>Urdu</string>
        <key>code</key>
        <string>ur</string>
        <key>allowsPhonetic</key>
        <false/>
        <key>isAudioLanguage</key>
        <true/>
        <key>isMetadataLanguage</key>
        <true/>
    </dict>
    <dict>
        <key>name</key>
        <string>Vietnamese</string>
        <key>code</key>
        <string>vi</string>
        <key>allowsPhonetic</key>
        <false/>
        <key>isAudioLanguage</key>
        <true/>
        <key>isMetadataLanguage</key>
        <true/>
    </dict>
    <dict>
        <key>name</key>
        <string>Zulu</string>
        <key>code</key>
        <string>zu</string>
        <key>allowsPhonetic</key>
        <false/>
        <key>isAudioLanguage</key>
        <true/>
        <key>isMetadataLanguage</key>
        <true/>
    </dict>
</array>
</plist>
