<?xml version="1.0" encoding="UTF-8" standalone="yes"?>
<!DOCTYPE plist PUBLIC "-//Apple//DTD PLIST 1.0//EN" "http://www.apple.com/DTDs/PropertyList-1.0.dtd">
<plist version="1.0">
	<array>
		<dict>
			<key>code</key>
			<string>ALTERNATIVE-00</string>
			<key>name</key>
			<string>Alternative</string>
		</dict>
		<dict>
			<key>code</key>
			<string>BLUES-00</string>
			<key>name</key>
			<string>Blues</string>
		</dict>
		<dict>
			<key>code</key>
			<string>CHILDREN-MUSIC-00</string>
			<key>name</key>
			<string>Children&apos;s Music</string>
		</dict>
		<dict>
			<key>code</key>
			<string>CLASSICAL-00</string>
			<key>name</key>
			<string>Classical</string>
		</dict>
		<dict>
			<key>code</key>
			<string>COMEDY-00</string>
			<key>name</key>
			<string>Comedy</string>
		</dict>
		<dict>
			<key>code</key>
			<string>COUNTRY-00</string>
			<key>name</key>
			<string>Country</string>
		</dict>
		<dict>
			<key>code</key>
			<string>DANCE-00</string>
			<key>name</key>
			<string>Dance</string>
		</dict>
		<dict>
			<key>code</key>
			<string>ELECTRONIC-00</string>
			<key>name</key>
			<string>Electronic</string>
		</dict>
		<dict>
			<key>code</key>
			<string>ENKA-00</string>
			<key>name</key>
			<string>Enka</string>
		</dict>
		<dict>
			<key>code</key>
			<string>FRENCH-POP-00</string>
			<key>name</key>
			<string>French Pop</string>
		</dict>
		<dict>
			<key>code</key>
			<string>GERMAN-FOLK-00</string>
			<key>name</key>
			<string>German Folk</string>
		</dict>
		<dict>
			<key>code</key>
			<string>GERMAN-POP-00</string>
			<key>name</key>
			<string>German Pop</string>
		</dict>
		<dict>
			<key>code</key>
			<string>HIP-HOP-RAP-00</string>
			<key>name</key>
			<string>Hip Hop/Rap</string>
		</dict>
		<dict>
			<key>code</key>
			<string>HOLIDAY-00</string>
			<key>name</key>
			<string>Holiday</string>
		</dict>
		<dict>
			<key>code</key>
			<string>INSPIRATIONAL-00</string>
			<key>name</key>
			<string>Inspirational</string>
		</dict>
		<dict>
			<key>code</key>
			<string>J-POP-00</string>
			<key>name</key>
			<string>J-Pop</string>
		</dict>
		<dict>
			<key>code</key>
			<string>JAZZ-00</string>
			<key>name</key>
			<string>Jazz</string>
		</dict>
		<dict>
			<key>code</key>
			<string>KAYOKYOKU-00</string>
			<key>name</key>
			<string>Kayokyoku</string>
		</dict>
		<dict>
			<key>code</key>
			<string>LATIN-00</string>
			<key>name</key>
			<string>Latin</string>
		</dict>
		<dict>
			<key>code</key>
			<string>NEW-AGE-00</string>
			<key>name</key>
			<string>New Age</string>
		</dict>
		<dict>
			<key>code</key>
			<string>OPERA-00</string>
			<key>name</key>
			<string>Opera</string>
		</dict>
		<dict>
			<key>code</key>
			<string>POP-00</string>
			<key>name</key>
			<string>Pop</string>
		</dict>
		<dict>
			<key>code</key>
			<string>R-B-SOUL-00</string>
			<key>name</key>
			<string>R&amp;B/Soul</string>
		</dict>
		<dict>
			<key>code</key>
			<string>REGGAE-00</string>
			<key>name</key>
			<string>Reggae</string>
		</dict>
		<dict>
			<key>code</key>
			<string>ROCK-00</string>
			<key>name</key>
			<string>Rock</string>
		</dict>
		<dict>
			<key>code</key>
			<string>SINGER-SONGWRITER-00</string>
			<key>name</key>
			<string>Singer/Songwriter</string>
		</dict>
		<dict>
			<key>code</key>
			<string>SOUNDTRACK-00</string>
			<key>name</key>
			<string>Soundtrack</string>
		</dict>
		<dict>
			<key>code</key>
			<string>SPOKEN-WORD-00</string>
			<key>name</key>
			<string>Spoken Word</string>
		</dict>
		<dict>
			<key>code</key>
			<string>VOCAL-00</string>
			<key>name</key>
			<string>Vocal</string>
		</dict>
		<dict>
			<key>code</key>
			<string>WORLD-00</string>
			<key>name</key>
			<string>World</string>
		</dict>
	</array>
</plist>