<?xml version="1.0" encoding="UTF-8"?>
<!DOCTYPE plist PUBLIC "-//Apple//DTD PLIST 1.0//EN" "http://www.apple.com/DTDs/PropertyList-1.0.dtd">
<plist version="1.0">
<dict>
    <key>Suffixes</key>
    <array>
        <string>,</string>
    </array>
    <key>Prefixes</key>
    <array>
        <string>w/</string>
    </array>
    <key>Words</key>
    <array>
        <string>フィーチャリング</string>
        <string>ウィズ</string>
        <string>対</string>
        <string>featuring</string>
        <string>feat</string>
        <string>feat.</string>
        <string>with</string>
        <string>and</string>
        <string>by</string>
        <string>vs</string>
        <string>vs.</string>
        <string>-</string>
    </array>
    <key>Substrings</key>
    <array>
        <string>・</string>
        <string>@</string>
        <string>&amp;</string>
        <string>+</string>
        <string>/</string>
        <string>,</string>
    </array>
</dict>
</plist>
