<?xml version="1.0" encoding="UTF-8" standalone="yes"?>
<!DOCTYPE plist PUBLIC "-//Apple//DTD PLIST 1.0//EN" "http://www.apple.com/DTDs/PropertyList-1.0.dtd">
<plist version="1.0">
    <array>
        <!-- Hand-picked common roles -->
        <dict>
            <key>name</key>
            <string>MZMenuDividerCustomSectionIdentifier</string>
            <key>code</key>
            <string>MZMenuDividerCustomSectionIdentifier</string>
        </dict>
        <dict>
            <key>code</key>
            <string>author</string>
            <key>name</key>
            <string>Author</string>
            <key>details</key>
            <string>Author of a textual work</string>
            <key>freeBook</key>
            <string>yes</string>
        </dict>
        <dict>
            <key>code</key>
            <string>editor</string>
            <key>name</key>
            <string>Edited by</string>
            <key>details</key>
            <string></string>
            <key>freeBook</key>
            <string>yes</string>
        </dict>
        <dict>
            <key>code</key>
            <string>illustrated by</string>
            <key>name</key>
            <string>Illustrated by</string>
            <key>details</key>
            <string>Artist when named as the creator of artwork which illustrates a text, or of the artwork of a graphic novel or comic book</string>
            <key>freeBook</key>
            <string>yes</string>
        </dict>
        <!-- Separator between common roles and all roles -->
        <dict>
            <key>name</key>
            <string>&#x2014;</string>
            <key>code</key>
            <string>&#x2014;</string>
        </dict>
        <!-- All roles, alphabetically -->
        <dict>
            <key>name</key>
            <string>MZMenuDividerAllSectionIdentifier</string>
            <key>code</key>
            <string>MZMenuDividerAllSectionIdentifier</string>
        </dict>
        <dict>
            <key>code</key>
            <string>abridged by</string>
            <key>name</key>
            <string>Abridged by</string>
            <key>details</key>
            <string></string>
        </dict>
        <dict>
            <key>code</key>
            <string>adapted by</string>
            <key>name</key>
            <string>Adapted by</string>
            <key>details</key>
            <string></string>
        </dict>
        <dict>
            <key>code</key>
            <string>afterword by</string>
            <key>name</key>
            <string>Afterword by</string>
            <key>details</key>
            <string>Author of afterword</string>
        </dict>
        <dict>
            <key>code</key>
            <string>as told by</string>
            <key>name</key>
            <string>As Told by</string>
            <key>details</key>
            <string></string>
        </dict>
        <dict>
            <key>code</key>
            <string>associate editor</string>
            <key>name</key>
            <string>Associate Editor</string>
            <key>details</key>
            <string></string>
        </dict>
        <dict>
            <key>code</key>
            <string>author</string>
            <key>name</key>
            <string>Author</string>
            <key>details</key>
            <string>Author of a textual work</string>
            <key>freeBook</key>
            <string>yes</string>
        </dict>
        <dict>
            <key>code</key>
            <string>commentaries by</string>
            <key>name</key>
            <string>Commentaries by</string>
            <key>details</key>
            <string>Author of commentaries on the main text</string>
        </dict>
        <dict>
            <key>code</key>
            <string>contributions by</string>
            <key>name</key>
            <string>Contributions by</string>
            <key>details</key>
            <string>Author of additional contributions to the text</string>
        </dict>
        <dict>
            <key>code</key>
            <string>cover design or artwork by</string>
            <key>name</key>
            <string>Cover Design or Artwork by</string>
            <key>details</key>
            <string>Use also for the cover artist of a graphic novel or comic book if named separately</string>
        </dict>
        <dict>
            <key>code</key>
            <string>compiled by</string>
            <key>name</key>
            <string>Compiled by</string>
            <key>details</key>
            <string></string>
        </dict>
        <dict>
            <key>code</key>
            <string>created by</string>
            <key>name</key>
            <string>Created by</string>
            <key>details</key>
            <string></string>
        </dict>
        <dict>
            <key>code</key>
            <string>drawings by</string>
            <key>name</key>
            <string>Drawings by</string>
            <key>details</key>
            <string></string>
        </dict>
        <dict>
            <key>code</key>
            <string>edited and translated by</string>
            <key>name</key>
            <string>Edited and Translated by</string>
            <key>details</key>
            <string></string>
        </dict>
        <dict>
            <key>code</key>
            <string>editor</string>
            <key>name</key>
            <string>Edited by</string>
            <key>details</key>
            <string></string>
            <key>freeBook</key>
            <string>yes</string>
        </dict>
        <dict>
            <key>code</key>
            <string>editor-in-chief</string>
            <key>name</key>
            <string>Editor-in-Chief</string>
            <key>details</key>
            <string></string>
        </dict>
        <dict>
            <key>code</key>
            <string>editorial board member</string>
            <key>name</key>
            <string>Editorial Board Member</string>
            <key>details</key>
            <string></string>
        </dict>
        <dict>
            <key>code</key>
            <string>editorial coordination by</string>
            <key>name</key>
            <string>Editorial Coordination by</string>
            <key>details</key>
            <string></string>
        </dict>
        <dict>
            <key>code</key>
            <string>epilogue by</string>
            <key>name</key>
            <string>Epilogue by</string>
            <key>details</key>
            <string>Author of epilogue</string>
        </dict>
        <dict>
            <key>code</key>
            <string>foreword by</string>
            <key>name</key>
            <string>Foreword by</string>
            <key>details</key>
            <string>Author of foreword</string>
        </dict>
        <dict>
            <key>code</key>
            <string>founded by</string>
            <key>name</key>
            <string>Founded by</string>
            <key>details</key>
            <string>Usually the founder editor of a serial publication: Begruendet von</string>
        </dict>
        <dict>
            <key>code</key>
            <string>from an idea by</string>
            <key>name</key>
            <string>From an Idea by</string>
            <key>details</key>
            <string></string>
        </dict>
        <dict>
            <key>code</key>
            <string>general editor</string>
            <key>name</key>
            <string>General Editor</string>
            <key>details</key>
            <string></string>
        </dict>
        <dict>
            <key>code</key>
            <string>guest editor</string>
            <key>name</key>
            <string>Guest Editor</string>
            <key>details</key>
            <string></string>
        </dict>
        <dict>
            <key>code</key>
            <string>illustrated by</string>
            <key>name</key>
            <string>Illustrated by</string>
            <key>details</key>
            <string>Artist when named as the creator of artwork which illustrates a text, or of the artwork of a graphic novel or comic book</string>
            <key>freeBook</key>
            <string>yes</string>
        </dict>
        <dict>
            <key>code</key>
            <string>inked or colored by</string>
            <key>name</key>
            <string>Inked or Colored by</string>
            <key>details</key>
            <string>When separate persons are named as having respectively drawn and colored artwork, eg for a graphic novel or comic book, use A12 for 'drawn by' and A40 for 'colored by'</string>
        </dict>
        <dict>
            <key>code</key>
            <string>introduction and notes by</string>
            <key>name</key>
            <string>Introduction and Notes by</string>
            <key>details</key>
            <string>Author of introduction and notes: see also 'Notes by' and 'Introduction by'</string>
        </dict>
        <dict>
            <key>code</key>
            <string>introduction by</string>
            <key>name</key>
            <string>Introduction by</string>
            <key>details</key>
            <string>Author of introduction: see also 'Introduction and notes by'</string>
        </dict>
        <dict>
            <key>code</key>
            <string>managing editor</string>
            <key>name</key>
            <string>Managing Editor</string>
            <key>details</key>
            <string></string>
        </dict>
        <dict>
            <key>code</key>
            <string>maps by</string>
            <key>name</key>
            <string>Maps by</string>
            <key>details</key>
            <string>Maps drawn or otherwise contributed by</string>
        </dict>
        <dict>
            <key>code</key>
            <string>notes by</string>
            <key>name</key>
            <string>Notes by</string>
            <key>details</key>
            <string>Author of notes or annotations: see also 'Introduction and notes by'</string>
        </dict>
        <dict>
            <key>code</key>
            <string>original author</string>
            <key>name</key>
            <string>Original Author</string>
            <key>details</key>
            <string>Author of the first edition (usually of a standard work) who is not an author of the current edition</string>
        </dict>
        <dict>
            <key>code</key>
            <string>other primary creator</string>
            <key>name</key>
            <string>Other Primary Creator</string>
            <key>details</key>
            <string>Other type of primary creator not specified above</string>
            <key>freeBook</key>
            <string>yes</string>
        </dict>
        <dict>
            <key>code</key>
            <string>photographs by</string>
            <key>name</key>
            <string>Photographs by</string>
            <key>details</key>
            <string>Photographer when named as the creator of photographs which illustrate a text</string>
        </dict>
        <dict>
            <key>code</key>
            <string>preface by</string>
            <key>name</key>
            <string>Preface by</string>
            <key>details</key>
            <string>Author of preface</string>
        </dict>
        <dict>
            <key>code</key>
            <string>preliminary work by</string>
            <key>name</key>
            <string>Preliminary Work by</string>
            <key>details</key>
            <string>Responsible for preliminary work on which the work is based</string>
        </dict>
        <dict>
            <key>code</key>
            <string>prepared for publication by</string>
            <key>name</key>
            <string>Prepared for Publication by</string>
            <key>details</key>
            <string></string>
        </dict>
        <dict>
            <key>code</key>
            <string>prologue by</string>
            <key>name</key>
            <string>Prologue by</string>
            <key>details</key>
            <string>Author of prologue</string>
        </dict>
        <dict>
            <key>code</key>
            <string>retold by</string>
            <key>name</key>
            <string>Retold by</string>
            <key>details</key>
            <string></string>
        </dict>
        <dict>
            <key>code</key>
            <string>selected by</string>
            <key>name</key>
            <string>Selected by</string>
            <key>details</key>
            <string></string>
        </dict>
        <dict>
            <key>code</key>
            <string>supplement by</string>
            <key>name</key>
            <string>Supplement by</string>
            <key>details</key>
            <string>Author of supplement</string>
        </dict>
        <dict>
            <key>code</key>
            <string>text by</string>
            <key>name</key>
            <string>Text by</string>
            <key>details</key>
            <string>Author of text which accompanies art reproductions or photographs, or which is part of a graphic novel or comic book</string>
        </dict>
        <dict>
            <key>code</key>
            <string>translated by</string>
            <key>name</key>
            <string>Translated by</string>
            <key>details</key>
            <string></string>
        </dict>
        <dict>
            <key>code</key>
            <string>translated with commentary by</string>
            <key>name</key>
            <string>Translated with Commentary by</string>
            <key>details</key>
            <string>This code applies where a translator has provided a commentary on issues relating to the translation. If the translator has also provided a commentary on the work itself, codes 'Translated by' and 'Commentaries by' should be used.</string>
        </dict>
        <dict>
            <key>code</key>
            <string>volume editor</string>
            <key>name</key>
            <string>Volume Editor</string>
            <key>details</key>
            <string></string>
        </dict>
        <dict>
            <key>code</key>
            <string>with</string>
            <key>name</key>
            <string>With</string>
            <key>details</key>
            <string>With or as told to: 'ghost' author of a literary work</string>
        </dict>
        <dict>
            <key>code</key>
            <string>designed by</string>
            <key>name</key>
            <string>Designed by</string>
            <key>details</key>
            <string></string>
        </dict>
        <dict>
            <key>code</key>
            <string>revised by</string>
            <key>name</key>
            <string>Revised by</string>
            <key>details</key>
            <string></string>
        </dict>
        <dict>
            <key>code</key>
            <string>other adaptation by</string>
            <key>name</key>
            <string>Other adaptation by</string>
            <key>details</key>
            <string></string>
        </dict>
        <dict>
            <key>code</key>
            <string>other direction by</string>
            <key>name</key>
            <string>Other direction by</string>
            <key>details</key>
            <string></string>
        </dict>
        <dict>
            <key>code</key>
            <string>actor</string>
            <key>name</key>
            <string>Actor</string>
            <key>details</key>
            <string></string>
        </dict>
        <dict>
            <key>code</key>
            <string>arranged by (music)</string>
            <key>name</key>
            <string>Arranged by (music)</string>
            <key>details</key>
            <string></string>
        </dict>
        <dict>
            <key>code</key>
            <string>performed by</string>
            <key>name</key>
            <string>Performed by</string>
            <key>details</key>
            <string></string>
        </dict>
        <dict>
            <key>code</key>
            <string>vocal soloist</string>
            <key>name</key>
            <string>Vocal soloist</string>
            <key>details</key>
            <string></string>
        </dict>
        <dict>
            <key>code</key>
            <string>instrumental soloist</string>
            <key>name</key>
            <string>Instrumental soloist</string>
            <key>details</key>
            <string></string>
        </dict>        
    </array>
</plist>