<?xml version="1.0" encoding="UTF-8"?>
<!DOCTYPE plist PUBLIC "-//Apple//DTD PLIST 1.0//EN" "http://www.apple.com/DTDs/PropertyList-1.0.dtd">
<plist version="1.0">
    <dict>
        <key>The United States and Canada</key>
        <array>
            <string>United States</string>
            <string>Canada</string>
        </array>
        <key>Europe</key>
        <array>
            <string>Austria</string>
            <string>Belgium</string>
            <string>Bulgaria</string>
            <string>Croatia</string>
            <string>Cyprus</string>
            <string>Czech Republic</string>
            <string>Denmark</string>
            <string>Estonia</string>
            <string>Finland</string>
            <string>France</string>
            <string>Germany</string>
            <string>Greece</string>
            <string>Hungary</string>
            <string>Ireland</string>
            <string>Italy</string>
            <string>Latvia</string>
            <string>Lithuania</string>
            <string>Luxembourg</string>
            <string>Malta</string>
            <string>Netherlands</string>
            <string>Norway</string>
            <string>Poland</string>
            <string>Portugal</string>
            <string>Romania</string>
            <string>Slovakia</string>
            <string>Slovenia</string>
            <string>Spain</string>
            <string>Sweden</string>
            <string>Switzerland</string>
            <string>United Kingdom</string>
        </array>
        <key>Latin America and the Caribbean</key>
        <array>
            <string>Argentina</string>
            <string>Bolivia</string>
            <string>Brazil</string>
            <string>Chile</string>
            <string>Colombia</string>
            <string>Costa Rica</string>
            <string>Dominican Republic</string>
            <string>Ecuador</string>
            <string>El Salvador</string>
            <string>Guatemala</string>
            <string>Honduras</string>
            <string>Mexico</string>
            <string>Nicaragua</string>
            <string>Panama</string>
            <string>Paraguay</string>
            <string>Peru</string>
            <string>Venezuela</string>
        </array>
        <key>Asia Pacific</key>
        <array>
            <string>Australia</string>
            <string>Japan</string>
            <string>New Zealand</string>
        </array>
    </dict>
</plist>