<?xml version="1.0" encoding="UTF-8" standalone="yes"?>
<!DOCTYPE plist PUBLIC "-//Apple//DTD PLIST 1.0//EN" "http://www.apple.com/DTDs/PropertyList-1.0.dtd">
<plist version="1.0">
    <array>
        <dict>
            <key>name</key>
            <string>U.S. School Grade</string>
            <key>code</key>
            <string>us-school-grade</string>
            <key>freeBook</key>
            <string>yes</string>
            <key>helpAnchor</key>
            <string>itp1010</string>
            <key>identifier</key>
            <string>range-constrained</string>
            <key>singleRadioTitle</key>
            <string>Single Grade</string>
            <key>rangeRadioTitle</key>
            <string>Grade Range</string>
            <key>singleValueLabel</key>
            <string>Target Grade:</string>
            <key>minValueLabel</key>
            <string>Target Grade Minimum:</string>
            <key>maxValueLabel</key>
            <string>Target Grade Maximum:</string>
            <key>helpText</key>
            <string>Define your target audience by selecting a grade level.</string>
            <key>rangeHelpText</key>
            <string>Define your target audience range by selecting either a minimum grade level, a maximum grade level, or both.</string>
            <key>constrainedValues</key>
            <array>
                <dict>
                    <key>name</key>
                    <string>Preschool</string>
                    <key>code</key>
                    <string>P</string>
                </dict>
                <dict>
                    <key>name</key>
                    <string>Kindergarten</string>
                    <key>code</key>
                    <string>K</string>
                </dict>
                <dict>
                    <key>name</key>
                    <string>First Grade</string>
                    <key>code</key>
                    <string>1</string>
                </dict>
                <dict>
                    <key>name</key>
                    <string>Second Grade</string>
                    <key>code</key>
                    <string>2</string>
                </dict>
                <dict>
                    <key>name</key>
                    <string>Third Grade</string>
                    <key>code</key>
                    <string>3</string>
                </dict>
                <dict>
                    <key>name</key>
                    <string>Fourth Grade</string>
                    <key>code</key>
                    <string>4</string>
                </dict>
                <dict>
                    <key>name</key>
                    <string>Fifth Grade</string>
                    <key>code</key>
                    <string>5</string>
                </dict>
                <dict>
                    <key>name</key>
                    <string>Sixth Grade</string>
                    <key>code</key>
                    <string>6</string>
                </dict>
                <dict>
                    <key>name</key>
                    <string>Seventh Grade</string>
                    <key>code</key>
                    <string>7</string>
                </dict>
                <dict>
                    <key>name</key>
                    <string>Eighth Grade</string>
                    <key>code</key>
                    <string>8</string>
                </dict>
                <dict>
                    <key>name</key>
                    <string>Ninth Grade</string>
                    <key>code</key>
                    <string>9</string>
                </dict>
                <dict>
                    <key>name</key>
                    <string>Tenth Grade</string>
                    <key>code</key>
                    <string>10</string>
                </dict>
                <dict>
                    <key>name</key>
                    <string>Eleventh Grade</string>
                    <key>code</key>
                    <string>11</string>
                </dict>
                <dict>
                    <key>name</key>
                    <string>Twelfth Grade</string>
                    <key>code</key>
                    <string>12</string>
                </dict>
                <dict>
                    <key>name</key>
                    <string>College Freshman</string>
                    <key>code</key>
                    <string>13</string>
                </dict>
                <dict>
                    <key>name</key>
                    <string>College Sophomore</string>
                    <key>code</key>
                    <string>14</string>
                </dict>
                <dict>
                    <key>name</key>
                    <string>College Junior</string>
                    <key>code</key>
                    <string>15</string>
                </dict>
                <dict>
                    <key>name</key>
                    <string>College Senior</string>
                    <key>code</key>
                    <string>16</string>
                </dict>
                <dict>
                    <key>name</key>
                    <string>College Graduate</string>
                    <key>code</key>
                    <string>17</string>
                </dict>
            </array>
        </dict>
        <dict>
            <key>name</key>
            <string>Canadian School Grade</string>
            <key>code</key>
            <string>canadian-school-grade</string>
            <key>freeBook</key>
            <string>yes</string>
            <key>helpAnchor</key>
            <string>itp1011</string>
            <key>identifier</key>
            <string>range-constrained</string>
            <key>singleRadioTitle</key>
            <string>Single Grade</string>
            <key>rangeRadioTitle</key>
            <string>Grade Range</string>
            <key>singleValueLabel</key>
            <string>Target Grade:</string>
            <key>minValueLabel</key>
            <string>Target Grade Minimum:</string>
            <key>maxValueLabel</key>
            <string>Target Grade Maximum:</string>
            <key>helpText</key>
            <string>Define your target audience by selecting a grade level.</string>
            <key>rangeHelpText</key>
            <string>Define your target audience range by selecting either a minimum grade level, a maximum grade level, or both.</string>
            <key>constrainedValues</key>
            <array>
                <dict>
                    <key>name</key>
                    <string>Preschool</string>
                    <key>code</key>
                    <string>P</string>
                </dict>
                <dict>
                    <key>name</key>
                    <string>Kindergarten</string>
                    <key>code</key>
                    <string>K</string>
                </dict>
                <dict>
                    <key>name</key>
                    <string>First Grade</string>
                    <key>code</key>
                    <string>1</string>
                </dict>
                <dict>
                    <key>name</key>
                    <string>Second Grade</string>
                    <key>code</key>
                    <string>2</string>
                </dict>
                <dict>
                    <key>name</key>
                    <string>Third Grade</string>
                    <key>code</key>
                    <string>3</string>
                </dict>
                <dict>
                    <key>name</key>
                    <string>Fourth Grade</string>
                    <key>code</key>
                    <string>4</string>
                </dict>
                <dict>
                    <key>name</key>
                    <string>Fifth Grade</string>
                    <key>code</key>
                    <string>5</string>
                </dict>
                <dict>
                    <key>name</key>
                    <string>Sixth Grade</string>
                    <key>code</key>
                    <string>6</string>
                </dict>
                <dict>
                    <key>name</key>
                    <string>Seventh Grade</string>
                    <key>code</key>
                    <string>7</string>
                </dict>
                <dict>
                    <key>name</key>
                    <string>Eighth Grade</string>
                    <key>code</key>
                    <string>8</string>
                </dict>
                <dict>
                    <key>name</key>
                    <string>Ninth Grade</string>
                    <key>code</key>
                    <string>9</string>
                </dict>
                <dict>
                    <key>name</key>
                    <string>Tenth Grade</string>
                    <key>code</key>
                    <string>10</string>
                </dict>
                <dict>
                    <key>name</key>
                    <string>Eleventh Grade</string>
                    <key>code</key>
                    <string>11</string>
                </dict>
                <dict>
                    <key>name</key>
                    <string>Twelfth Grade</string>
                    <key>code</key>
                    <string>12</string>
                </dict>
                <dict>
                    <key>name</key>
                    <string>College Freshman</string>
                    <key>code</key>
                    <string>13</string>
                </dict>
                <dict>
                    <key>name</key>
                    <string>College Sophomore</string>
                    <key>code</key>
                    <string>14</string>
                </dict>
                <dict>
                    <key>name</key>
                    <string>College Junior</string>
                    <key>code</key>
                    <string>15</string>
                </dict>
                <dict>
                    <key>name</key>
                    <string>College Senior</string>
                    <key>code</key>
                    <string>16</string>
                </dict>
                <dict>
                    <key>name</key>
                    <string>College Graduate</string>
                    <key>code</key>
                    <string>17</string>
                </dict>
            </array>
        </dict>
        <dict>
            <key>name</key>
            <string>Quebec School Grade</string>
            <key>code</key>
            <string>quebec-school-grade</string>
            <key>freeBook</key>
            <string>yes</string>
            <key>identifier</key>
            <string>range-constrained</string>
            <key>singleRadioTitle</key>
            <string>Single Grade</string>
            <key>rangeRadioTitle</key>
            <string>Grade Range</string>
            <key>singleValueLabel</key>
            <string>Target Grade:</string>
            <key>minValueLabel</key>
            <string>Target Grade Minimum:</string>
            <key>maxValueLabel</key>
            <string>Target Grade Maximum:</string>
            <key>helpText</key>
            <string>Define your target audience by selecting a grade level.</string>
            <key>rangeHelpText</key>
            <string>Define your target audience range by selecting either a minimum grade level, a maximum grade level, or both.</string>
            <key>constrainedValues</key>
            <array>
                <dict>
                    <key>name</key>
                    <string>Pré-Maternelle</string>
                    <key>code</key>
                    <string>PM</string>
                </dict>
                <dict>
                    <key>name</key>
                    <string>Maternelle</string>
                    <key>code</key>
                    <string>M</string>
                </dict>
                <dict>
                    <key>name</key>
                    <string>École Primaire 1</string>
                    <key>code</key>
                    <string>EP1</string>
                </dict>
                <dict>
                    <key>name</key>
                    <string>École Primaire 2</string>
                    <key>code</key>
                    <string>EP2</string>
                </dict>
                <dict>
                    <key>name</key>
                    <string>École Primaire 3</string>
                    <key>code</key>
                    <string>EP3</string>
                </dict>
                <dict>
                    <key>name</key>
                    <string>École Primaire 4</string>
                    <key>code</key>
                    <string>EP4</string>
                </dict>
                <dict>
                    <key>name</key>
                    <string>École Primaire 5</string>
                    <key>code</key>
                    <string>EP5</string>
                </dict>
                <dict>
                    <key>name</key>
                    <string>École Primaire 6</string>
                    <key>code</key>
                    <string>EP6</string>
                </dict>
                <dict>
                    <key>name</key>
                    <string>École Secondaire I</string>
                    <key>code</key>
                    <string>ESI</string>
                </dict>
                <dict>
                    <key>name</key>
                    <string>École Secondaire II</string>
                    <key>code</key>
                    <string>ESII</string>
                </dict>
                <dict>
                    <key>name</key>
                    <string>École Secondaire III</string>
                    <key>code</key>
                    <string>ESIII</string>
                </dict>
                <dict>
                    <key>name</key>
                    <string>École Secondaire IV</string>
                    <key>code</key>
                    <string>ESIV</string>
                </dict>
                <dict>
                    <key>name</key>
                    <string>École Secondaire V</string>
                    <key>code</key>
                    <string>ESV</string>
                </dict>
                <dict>
                    <key>name</key>
                    <string>Collégial/Universitaire</string>
                    <key>code</key>
                    <string>CU</string>
                </dict>
            </array>
        </dict>
        <dict>
            <key>name</key>
            <string>Australian School Grade</string>
            <key>code</key>
            <string>australia-school-grade</string>
            <key>freeBook</key>
            <string>yes</string>
            <key>identifier</key>
            <string>range-constrained</string>
            <key>singleRadioTitle</key>
            <string>Single Grade</string>
            <key>rangeRadioTitle</key>
            <string>Grade Range</string>
            <key>singleValueLabel</key>
            <string>Target Grade:</string>
            <key>minValueLabel</key>
            <string>Target Grade Minimum:</string>
            <key>maxValueLabel</key>
            <string>Target Grade Maximum:</string>
            <key>helpText</key>
            <string>Define your target audience by selecting a grade level.</string>
            <key>rangeHelpText</key>
            <string>Define your target audience range by selecting either a minimum grade level, a maximum grade level, or both.</string>
            <key>constrainedValues</key>
            <array>
                <dict>
                    <key>name</key>
                    <string>Foundation</string>
                    <key>code</key>
                    <string>F</string>
                </dict>
                <dict>
                    <key>name</key>
                    <string>Year 1</string>
                    <key>code</key>
                    <string>1</string>
                </dict>
                <dict>
                    <key>name</key>
                    <string>Year 2</string>
                    <key>code</key>
                    <string>2</string>
                </dict>
                <dict>
                    <key>name</key>
                    <string>Year 3</string>
                    <key>code</key>
                    <string>3</string>
                </dict>
                <dict>
                    <key>name</key>
                    <string>Year 4</string>
                    <key>code</key>
                    <string>4</string>
                </dict>
                <dict>
                    <key>name</key>
                    <string>Year 5</string>
                    <key>code</key>
                    <string>5</string>
                </dict>
                <dict>
                    <key>name</key>
                    <string>Year 6</string>
                    <key>code</key>
                    <string>6</string>
                </dict>
                <dict>
                    <key>name</key>
                    <string>Year 7</string>
                    <key>code</key>
                    <string>7</string>
                </dict>
                <dict>
                    <key>name</key>
                    <string>Year 8</string>
                    <key>code</key>
                    <string>8</string>
                </dict>
                <dict>
                    <key>name</key>
                    <string>Year 9</string>
                    <key>code</key>
                    <string>9</string>
                </dict>
                <dict>
                    <key>name</key>
                    <string>Year 10</string>
                    <key>code</key>
                    <string>10</string>
                </dict>
                <dict>
                    <key>name</key>
                    <string>Year 11</string>
                    <key>code</key>
                    <string>11</string>
                </dict>
                <dict>
                    <key>name</key>
                    <string>Year 12</string>
                    <key>code</key>
                    <string>12</string>
                </dict>
            </array>
        </dict>
        <dict>
            <key>name</key>
            <string>U.K. National Curriculum</string>
            <key>code</key>
            <string>uk-national-curriculum</string>
            <key>freeBook</key>
            <string>yes</string>
            <key>identifier</key>
            <string>range-constrained</string>
            <key>singleRadioTitle</key>
            <string>Single Grade</string>
            <key>rangeRadioTitle</key>
            <string>Grade Range</string>
            <key>singleValueLabel</key>
            <string>Target Grade:</string>
            <key>minValueLabel</key>
            <string>Target Grade Minimum:</string>
            <key>maxValueLabel</key>
            <string>Target Grade Maximum:</string>
            <key>helpText</key>
            <string>Define your target audience by selecting a grade level.</string>
            <key>rangeHelpText</key>
            <string>Define your target audience range by selecting either a minimum grade level, a maximum grade level, or both.</string>
            <key>constrainedValues</key>
            <array>
                <dict>
                    <key>name</key>
                    <string>Early Years Foundation Stage</string>
                    <key>code</key>
                    <string>EYFS</string>
                </dict>
                <dict>
                    <key>name</key>
                    <string>Key Stage 1</string>
                    <key>code</key>
                    <string>KS1</string>
                </dict>
                <dict>
                    <key>name</key>
                    <string>Key Stage 2</string>
                    <key>code</key>
                    <string>KS2</string>
                </dict>
                <dict>
                    <key>name</key>
                    <string>Key Stage 3</string>
                    <key>code</key>
                    <string>KS3</string>
                </dict>
                <dict>
                    <key>name</key>
                    <string>Key Stage 4</string>
                    <key>code</key>
                    <string>KS4</string>
                </dict>
                <dict>
                    <key>name</key>
                    <string>Key Stage 5</string>
                    <key>code</key>
                    <string>KS5</string>
                </dict>
            </array>
        </dict>
        <dict>
            <key>name</key>
            <string>U.K. Exam Board</string>
            <key>code</key>
            <string>uk-exam-board</string>
            <key>freeBook</key>
            <string>yes</string>
            <key>identifier</key>
            <string>value-constrained</string>
            <key>singleValueLabel</key>
            <string>Target Exam Board:</string>
            <key>helpText</key>
            <string>Define your target audience by selecting an exam board.</string>
            <key>constrainedValues</key>
            <array>
                <dict>
                    <key>name</key>
                    <string>Assessment and Qualifications Alliance</string>
                    <key>code</key>
                    <string>AQA</string>
                </dict>
                <dict>
                    <key>name</key>
                    <string>University of Cambridge International Examinations</string>
                    <key>code</key>
                    <string>CIE</string>
                </dict>
                <dict>
                    <key>name</key>
                    <string>Council for the Curriculum, Examinations &amp; Assessment</string>
                    <key>code</key>
                    <string>CCEA</string>
                </dict>
                <dict>
                    <key>name</key>
                    <string>Edexcel</string>
                    <key>code</key>
                    <string>Edexcel</string>
                </dict>
                <dict>
                    <key>name</key>
                    <string>Oxford, Cambridge and RSA Examinations</string>
                    <key>code</key>
                    <string>OCR</string>
                </dict>
                <dict>
                    <key>name</key>
                    <string>Welsh Joint Education Committee</string>
                    <key>code</key>
                    <string>WJEC</string>
                </dict>
                <dict>
                    <key>name</key>
                    <string>Scottish Qualifications Authority</string>
                    <key>code</key>
                    <string>SQA</string>
                </dict>
            </array>
        </dict>
        <dict>
            <key>name</key>
            <string>Scotland Curriculum</string>
            <key>code</key>
            <string>scotland-curriculum</string>
            <key>freeBook</key>
            <string>yes</string>
            <key>identifier</key>
            <string>range-constrained</string>
            <key>singleRadioTitle</key>
            <string>Single Grade</string>
            <key>rangeRadioTitle</key>
            <string>Grade Range</string>
            <key>singleValueLabel</key>
            <string>Target Grade:</string>
            <key>minValueLabel</key>
            <string>Target Grade Minimum:</string>
            <key>maxValueLabel</key>
            <string>Target Grade Maximum:</string>
            <key>helpText</key>
            <string>Define your target audience by selecting a grade level.</string>
            <key>rangeHelpText</key>
            <string>Define your target audience range by selecting either a minimum grade level, a maximum grade level, or both.</string>
            <key>constrainedValues</key>
            <array>
                <dict>
                    <key>name</key>
                    <string>Early</string>
                    <key>code</key>
                    <string>E</string>
                </dict>
                <dict>
                    <key>name</key>
                    <string>1st Level (P2-P4)</string>
                    <key>code</key>
                    <string>L1</string>
                </dict>
                <dict>
                    <key>name</key>
                    <string>2nd Level (P5-P7)</string>
                    <key>code</key>
                    <string>L2</string>
                </dict>
                <dict>
                    <key>name</key>
                    <string>3rd/4th Level (S1-S3)</string>
                    <key>code</key>
                    <string>L34</string>
                </dict>
                <dict>
                    <key>name</key>
                    <string>Senior Phase (S4-S6)</string>
                    <key>code</key>
                    <string>SP</string>
                </dict>
            </array>
        </dict>
        <dict>
            <key>name</key>
            <string>Interest Age (In Years)</string>
            <key>code</key>
            <string>interest-age-years</string>
            <key>freeBook</key>
            <string>yes</string>
            <key>helpAnchor</key>
            <string>itp1012</string>
            <key>identifier</key>
            <string>range-only-constrained</string>
            <key>keyWord</key>
            <string>Year</string>
            <key>rangeValuesLabel</key>
            <string>Target Age Range:</string>
            <key>rangeValuesHelpText</key>
            <string></string>
            <key>constrainedRangeValues</key>
            <array>
                <dict>
                    <key>name</key>
                    <string>0 to 2</string>
                    <key>codeForMinAge</key>
                    <string>0</string>
                    <key>codeForMaxAge</key>
                    <string>2</string>
                </dict>
                <dict>
                    <key>name</key>
                    <string>3 to 5</string>
                    <key>codeForMinAge</key>
                    <string>3</string>
                    <key>codeForMaxAge</key>
                    <string>5</string>
                </dict>
                <dict>
                    <key>name</key>
                    <string>6 to 8</string>
                    <key>codeForMinAge</key>
                    <string>6</string>
                    <key>codeForMaxAge</key>
                    <string>8</string>
                </dict>
                <dict>
                    <key>name</key>
                    <string>9 to 12</string>
                    <key>codeForMinAge</key>
                    <string>9</string>
                    <key>codeForMaxAge</key>
                    <string>12</string>
                </dict>
                <dict>
                    <key>name</key>
                    <string>13 and Older</string>
                    <key>codeForMinAge</key>
                    <string>13</string>
                </dict>
            </array>
        </dict>
    </array>
</plist>
