<?xml version="1.0" encoding="UTF-8"?>
<!DOCTYPE plist PUBLIC "-//Apple//DTD PLIST 1.0//EN" "http://www.apple.com/DTDs/PropertyList-1.0.dtd">
<plist version="1.0">
<array>
    <dict>
        <key>define</key>
        <string>VendorIdType</string>
        <key>xpath</key>
        <string>/package/book/vendor_id</string>
        <key>fieldName</key>
        <string>Vendor Identifier</string>
        <key>required</key>
        <integer>1</integer>
        <key>identifier</key>
        <string>Vendor Identifier</string>
    </dict>
    <dict>
        <key>define</key>
        <string>NonEmptyTokenString</string>
        <key>xpath</key>
        <string>/package/book/assets/asset[@type='artwork']</string>
        <key>fieldName</key>
        <string>Cover Art</string>
        <key>required</key>
        <integer>1</integer>
        <key>identifier</key>
        <string>Cover Art File Well</string>
        <key>alteration</key>
        <dict>
            <key>binding</key>
            <string>enabled</string>
            <key>keyPath</key>
            <string>packageImported</string>
            <key>options</key>
            <dict>
                <key>NSValueTransformerName</key>
                <string>NSNegateBoolean</string>
            </dict>
        </dict>
    </dict>  
    <dict>
        <key>define</key>
        <string>NonEmptyTokenString</string>
        <key>xpath</key>
        <string>/package/book/assets/asset[@type='full']</string>
        <key>fieldName</key>
        <string>Publication</string>
        <key>required</key>
        <integer>1</integer>
        <key>identifier</key>
        <string>Publication File Well</string>
        <key>alteration</key>
        <dict>
            <key>binding</key>
            <string>enabled</string>
            <key>keyPath</key>
            <string>packageImported</string>
            <key>options</key>
            <dict>
                <key>NSValueTransformerName</key>
                <string>NSNegateBoolean</string>
            </dict>
        </dict>
    </dict>  
</array>
</plist>
