<?xml version="1.0" encoding="UTF-8" standalone="yes"?>
<!DOCTYPE plist PUBLIC "-//Apple//DTD PLIST 1.0//EN" "http://www.apple.com/DTDs/PropertyList-1.0.dtd">
<plist version="1.0">
    <array>
        <dict>
            <key>name</key>
            <string>Yes</string>
            <key>code</key>
            <string>1</string>
        </dict>
        <dict>
            <key>name</key>
            <string>No</string>
            <key>code</key>
            <string>0</string>
        </dict>
    </array>
</plist>
