<?xml version="1.0" encoding="UTF-8" standalone="yes"?>
<!DOCTYPE plist PUBLIC "-//Apple//DTD PLIST 1.0//EN" "http://www.apple.com/DTDs/PropertyList-1.0.dtd">
<plist version="1.0">
	<array>
		<dict>
			<key>code</key>
			<string>ru</string>

			<key>name</key>
			<string>Russian</string>

		</dict>
		<dict>
			<key>code</key>
			<string>en-au</string>

			<key>name</key>
			<string>Australian English</string>

		</dict>
		<dict>
			<key>code</key>
			<string>en-ca</string>

			<key>name</key>
			<string>Canadian English</string>

		</dict>
		<dict>
			<key>code</key>
			<string>fr-fr</string>

			<key>name</key>
			<string>French</string>

		</dict>
		<dict>
			<key>code</key>
			<string>pt-br</string>

			<key>name</key>
			<string>Brazilian Portuguese</string>

		</dict>
		<dict>
			<key>code</key>
			<string>zh-Hans</string>

			<key>name</key>
			<string>Simplified Chinese</string>

		</dict>
		<dict>
			<key>code</key>
			<string>it</string>

			<key>name</key>
			<string>Italian</string>

		</dict>
		<dict>
			<key>code</key>
			<string>fr-ca</string>

			<key>name</key>
			<string>Canadian French</string>

		</dict>
		<dict>
			<key>code</key>
			<string>da</string>
            
			<key>name</key>
			<string>Danish</string>
            
		</dict>
		<dict>
			<key>code</key>
			<string>es-es</string>

			<key>name</key>
			<string>Spanish</string>

		</dict>
		<dict>
			<key>code</key>
			<string>de-de</string>

			<key>name</key>
			<string>German</string>

		</dict>
		<dict>
			<key>code</key>
			<string>el</string>
            
			<key>name</key>
			<string>Greek</string>
            
		</dict>
		<dict>
			<key>code</key>
			<string>id</string>
            
			<key>name</key>
			<string>Indonesian</string>
            
		</dict>
		<dict>
			<key>code</key>
			<string>en-us</string>

			<key>name</key>
			<string>English</string>

		</dict>
		<dict>
			<key>code</key>
			<string>fi</string>
            
			<key>name</key>
			<string>Finnish</string>
            
		</dict>
		<dict>
			<key>code</key>
			<string>ja</string>

			<key>name</key>
			<string>Japanese</string>

		</dict>
		<dict>
			<key>code</key>
			<string>es-mx</string>

			<key>name</key>
			<string>Spanish (Latin America)</string>

		</dict>
		<dict>
			<key>code</key>
			<string>nl-nl</string>

			<key>name</key>
			<string>Dutch</string>

		</dict>
		<dict>
			<key>code</key>
			<string>pt-pt</string>

			<key>name</key>
			<string>Portuguese</string>

		</dict>
		<dict>
			<key>code</key>
			<string>ko</string>

			<key>name</key>
			<string>Korean</string>

		</dict>
		<dict>
			<key>code</key>
			<string>ms</string>
            
			<key>name</key>
			<string>Malay</string>
            
		</dict>
		<dict>
			<key>code</key>
			<string>es-mx</string>
            
			<key>name</key>
			<string>Mexican Spanish</string>
            
		</dict>
		<dict>
			<key>code</key>
			<string>no</string>
            
			<key>name</key>
			<string>Norwegian</string>
            
		</dict>
		<dict>
			<key>code</key>
			<string>en-gb</string>

			<key>name</key>
			<string>UK English</string>

		</dict>
		<dict>
			<key>code</key>
			<string>vi</string>
            
			<key>name</key>
			<string>Vietnamese</string>
            
		</dict>
		<dict>
			<key>code</key>
			<string>sv</string>

			<key>name</key>
			<string>Swedish</string>

		</dict>
		<dict>
			<key>code</key>
			<string>th</string>
            
			<key>name</key>
			<string>Thai</string>
            
		</dict>
		<dict>
			<key>code</key>
			<string>zh-Hant</string>
            
			<key>name</key>
			<string>Traditional Chinese</string>
            
		</dict>
		<dict>
			<key>code</key>
			<string>tr</string>
            
			<key>name</key>
			<string>Turkish</string>
            
		</dict>
	</array>
</plist>