<?xml version="1.0" encoding="UTF-8" standalone="yes"?>
<!DOCTYPE plist PUBLIC "-//Apple//DTD PLIST 1.0//EN" "http://www.apple.com/DTDs/PropertyList-1.0.dtd">
<plist version="1.0">
    <array>
	<dict>
            <key>name</key>
            <string>Consumable</string>
            <key>code</key>
            <string>consumable</string>
	</dict>
	<dict>
            <key>name</key>
            <string>Non-Consumable</string>
            <key>code</key>
            <string>non-consumable</string>
            <key>can-host-content</key>
            <integer>1</integer>
	</dict>
	<dict>
            <key>name</key>
            <string>Non-Renewing Subscription</string>
            <key>code</key>
            <string>subscription</string>
            <key>type</key>
            <string>ios</string>
            
	</dict>
	<dict>
            <key>name</key>
            <string>Auto-Renewable</string>
            <key>code</key>
            <string>auto-renewable</string>
            <key>type</key>
            <string>none</string>
	</dict>
    <dict>
        <key>name</key>
        <string>Free Subscription</string>
        <key>code</key>
        <string>free-subscription</string>
        <key>type</key>
        <string>none</string>
	</dict>
    </array>
</plist>
