<?xml version="1.0" encoding="UTF-8" standalone="yes"?>
<!DOCTYPE plist PUBLIC "-//Apple//DTD PLIST 1.0//EN" "http://www.apple.com/DTDs/PropertyList-1.0.dtd">
<plist version="1.0">
    <array>
	<dict>
            <key>name</key>
            <string>01/Jan</string>
            <key>code</key>
            <string>01</string>
	</dict>
	<dict>
            <key>name</key>
            <string>02/Feb</string>
            <key>code</key>
            <string>02</string>
	</dict>
	<dict>
            <key>name</key>
            <string>03/Mar</string>
            <key>code</key>
            <string>03</string>
	</dict>
	<dict>
            <key>name</key>
            <string>04/Apr</string>
            <key>code</key>
            <string>04</string>
	</dict>
	<dict>
            <key>name</key>
            <string>05/May</string>
            <key>code</key>
            <string>05</string>
	</dict>
	<dict>
            <key>name</key>
            <string>06/Jun</string>
            <key>code</key>
            <string>06</string>
	</dict>
	<dict>
            <key>name</key>
            <string>07/Jul</string>
            <key>code</key>
            <string>07</string>
	</dict>
	<dict>
            <key>name</key>
            <string>08/Aug</string>
            <key>code</key>
            <string>08</string>
	</dict>
	<dict>
            <key>name</key>
            <string>09/Sep</string>
            <key>code</key>
            <string>09</string>
	</dict>
	<dict>
            <key>name</key>
            <string>10/Oct</string>
            <key>code</key>
            <string>10</string>
	</dict>
	<dict>
            <key>name</key>
            <string>11/Nov</string>
            <key>code</key>
            <string>11</string>
	</dict>
	<dict>
            <key>name</key>
            <string>12/Dec</string>
            <key>code</key>
            <string>12</string>
	</dict>
    </array>
</plist>
