<?xml version="1.0" encoding="UTF-8"?>
<!DOCTYPE plist PUBLIC "-//Apple//DTD PLIST 1.0//EN" "http://www.apple.com/DTDs/PropertyList-1.0.dtd">
<plist version="1.0">
<dict>
	<!-- Software Delivery 100000-100100 -->
        <key>Software In-App Purchase Delivery Table View</key>
        <string>100000</string>
        <key>Software In-App Purchase Delivery Activity Button</key>
        <string>100001</string>
        <key>Software In-App Purchase Delivery Send To Apple Button</key>
        <string>100002</string>
        <key>Software In-App Purchase Delivery Deliver Button</key>
        <string>100003</string>
        <key>Software In-App Purchase Delivery Error Info Hyperlink</key>
        <string>100004</string>
        <key>Software In-App Purchase Delivery Remaining Textfield</key>
        <string>100005</string>
        <key>Software In-App Purchase Delivery Details Button</key>
        <string>100006</string>
        
        <!-- Software In-App Purchases 100100-100200 -->
        <key>Software In-App Product Table View</key>
	<string>100100</string>
        <key>Software In-App Product Add Button</key>
	<string>100101</string>
        <key>Software In-App Product Remove Button</key>
	<string>100102</string>
        <key>Software In-App Product Import Screenshot Button</key>
	<string>100103</string>
        
        <!-- Software IAP Languages 101000-101100 -->
        <key>Software In-App Purchase Language Description</key>
        <string>101003</string>
        <key>Software In-App Purchase Language Add Button</key>
        <string>101001</string>
        <key>Software In-App Purchase Language End Button</key>
        <string>101002</string>
        <key>Software In-App Purchase Language Table View</key>
        <string>101003</string>
        <key>Software In-App Purchase Language Display Name</key>
        <string>101003</string>

        <!-- Software IAP Pricing 102000-102100-->
        <key>Software In-App Purchase Wholesale Price Tier</key>
        <string>102000</string>
        <key>Software In-App Purchase Pricing Start Date Year</key>
        <string>102001</string>
        <key>Software In-App Purchase Pricing End Date Year</key>
        <string>102002</string>
        <key>Software In-App Purchase Pricing Start Date Month</key>
        <string>102003</string>
        <key>Software In-App Purchase Pricing End Date Month</key>
        <string>102004</string>
        <key>Software In-App Purchase Pricing Start Date Day</key>
        <string>102005</string>
        <key>Software In-App Purchase Pricing End Date Day</key>
        <string>102006</string>
        <key>Software In-App Purchase Pricing Matrix Hyperlink</key>
        <string>102007</string>
        <key>Software In-App Purchase Pricing Add To Schedule Button</key>
        <string>102008</string>
    <key>Software In-App Purchase Tier Pricing Hyperlink</key>
    <string>102009</string>
        
        <!-- Software IAP Info 103000-103100 -->
        <key>In-App Purchase Reference Name</key>
	<string>103000</string>
        <key>In-App Purchase Type</key>
	<string>103001</string>
        <key>In-App Purchase Product Id</key>
	<string>103002</string>
        <key>Software In-App Purchase Cleared For Sale</key>
	<string>103003</string>
        <key>Software In-App Purchase Pricing Intervals</key>
	<string>103004</string>
        <key>Software In-App Product Search Textfield</key>
	<string>103005</string>
        <key>Software In-App Product Choose Screenshot Button</key>
	<string>103010</string>
        <key>Software In-App Product Screenshot File Well</key>
	<string>103011</string>
</dict>
</plist>
