<?xml version="1.0" encoding="UTF-8"?>
<!DOCTYPE plist PUBLIC "-//Apple//DTD PLIST 1.0//EN" "http://www.apple.com/DTDs/PropertyList-1.0.dtd">
<plist version="1.0">
<array>
    <!-- IAP Info -->
    <dict>
        <key>xpath</key>
        <string>/package/software/software_metadata</string>
        <key>childDict</key>
        <dict>
            <key>define</key>
            <string>InAppPurchases</string>
            <key>xpath</key>
            <string>in_app_purchases</string>
            <key>fieldName</key>
            <string>In-App Purchase</string>
            <key>required</key>
            <integer>1</integer>
            <key>identifier</key>
            <string>Software In-App Product Table View</string>
        </dict>  
    </dict>
    <dict>
        <key>xpath</key>
        <string>/package/software/software_metadata/in_app_purchases</string>
        <key>childDict</key>
        <dict>
            <key>define</key>
            <string>InAppPurchase</string>
            <key>xpath</key>
            <string>in_app_purchase</string>
            <key>fieldName</key>
            <string>In-App Purchase</string>
            <key>required</key>
            <integer>1</integer>
            <key>identifier</key>
            <string>Software In-App Product Table View</string>
        </dict>  
    </dict>
    <dict>
        <key>xpath</key>
        <string>/package/software/software_metadata/in_app_purchases/in_app_purchase</string>
        <key>childDict</key>
        <dict>
            <key>define</key>
            <string>String</string>
            <key>xpath</key>
            <string>type</string>
            <key>fieldName</key>
            <string>Type</string>
            <key>required</key>
            <integer>1</integer>
            <key>identifier</key>
            <string>In-App Purchase Type</string>
        </dict>  
    </dict>
    <dict>
        <key>xpath</key>
        <string>/package/software/software_metadata/in_app_purchases/in_app_purchase</string>
        <key>childDict</key>
        <dict>
            <key>define</key>
            <string>String</string>
            <key>xpath</key>
            <string>reference_name</string>
            <key>fieldName</key>
            <string>Reference Name</string>
            <key>required</key>
            <integer>1</integer>
            <key>identifier</key>
            <string>In-App Purchase Reference Name</string>
        </dict>  
    </dict>
    <dict>
        <key>xpath</key>
        <string>/package/software/software_metadata/in_app_purchases/in_app_purchase</string>
        <key>childDict</key>
        <dict>
            <key>element</key>
            <string>product_id</string>
            <key>xpath</key>
            <string>product_id</string>
            <key>fieldName</key>
            <string>Product Id</string>
            <key>required</key>
            <integer>1</integer>
            <key>identifier</key>
            <string>In-App Purchase Product Id</string>
        </dict>  
    </dict>
    <!-- IAP Languages -->
    
    <dict>
        <key>xpath</key>
        <string>/package/software/software_metadata/in_app_purchases/in_app_purchase</string>
        <key>childDict</key>
        <dict>
            <key>define</key>
            <string>SoftwareLocales</string>
            <key>xpath</key>
            <string>locales</string>
            <key>fieldName</key>
            <string>Language</string>
            <key>required</key>
            <integer>1</integer>
            <key>identifier</key>
            <string>Software In-App Purchase Language Table View</string>
        </dict>  
    </dict>
    <dict>
        <key>xpath</key>
        <string>/package/software/software_metadata/in_app_purchases/in_app_purchase/locales</string>
        <key>childDict</key>
        <dict>
            <key>define</key>
            <string>SoftwareLocale</string>
            <key>xpath</key>
            <string>locale</string>
            <key>fieldName</key>
            <string>Language</string>
            <key>required</key>
            <integer>1</integer>
            <key>identifier</key>
            <string>Software In-App Purchase Language Table View</string>
        </dict>  
    </dict>
    <dict>
        <key>xpath</key>
        <string>/package/software/software_metadata/in_app_purchases/in_app_purchase/locales/locale</string>
        <key>childDict</key>
        <dict>
            <key>define</key>
            <string>LanguageType</string>
            <key>xpath</key>
            <string>@name</string>
            <key>fieldName</key>
            <string>Language</string>
            <key>required</key>
            <integer>1</integer>
            <key>identifier</key>
            <string>Software In-App Purchase Language Table View</string>
        </dict>  
    </dict>
    <dict>
        <key>xpath</key>
        <string>/package/software/software_metadata/in_app_purchases/in_app_purchase/locales/locale</string>
        <key>childDict</key>
        <dict>
            <key>define</key>
            <string>String</string>
            <key>xpath</key>
            <string>title</string>
            <key>fieldName</key>
            <string>Display Name</string>
            <key>required</key>
            <integer>1</integer>
            <key>identifier</key>
            <string>Software In-App Purchase Language Table View</string>
        </dict>  
    </dict>
    <dict>
        <key>xpath</key>
        <string>/package/software/software_metadata/in_app_purchases/in_app_purchase/locales/locale</string>
        <key>childDict</key>
        <dict>
            <key>define</key>
            <string>String4000</string>
            <key>xpath</key>
            <string>description</string>
            <key>fieldName</key>
            <string>Description</string>
            <key>required</key>
            <integer>1</integer>
            <key>identifier</key>
            <string>Software In-App Purchase Language Table View</string>
        </dict>  
    </dict>
    <!-- IAP Pricing -->
    <dict>
        <key>xpath</key>
        <string>/package/software/software_metadata/in_app_purchases/in_app_purchase</string>
        <key>childDict</key>
        <dict>
            <key>define</key>
            <string>FormattedBoolean</string>
            <key>xpath</key>
            <string>products/product/cleared_for_sale</string>
            <key>fieldName</key>
            <string>Cleared For Sale</string>
            <key>required</key>
            <integer>1</integer>
            <key>identifier</key>
            <string>Software In-App Purchase Cleared For Sale</string>
        </dict>  
    </dict>
    <dict>
        <key>xpath</key>
        <string>/package/software/software_metadata/in_app_purchases/in_app_purchase</string>
        <key>childDict</key>
        <dict>
            <key>define</key>
            <string>IntervalList</string>
            <key>xpath</key>
            <string>products/product/intervals</string>
            <key>fieldName</key>
            <string>Price Tier</string>
            <key>required</key>
            <integer>1</integer>
            <key>identifier</key>
            <string>Software In-App Purchase Pricing Intervals</string>
        </dict>  
    </dict>
</array>
</plist>
