<?xml version="1.0" encoding="UTF-8"?>
<!DOCTYPE plist PUBLIC "-//Apple//DTD PLIST 1.0//EN" "http://www.apple.com/DTDs/PropertyList-1.0.dtd">
<plist version="1.0">
<dict>
	<key>Afghanistan</key>
	<string>AF</string>
	<key>Albania</key>
	<string>AL</string>
	<key>Algeria</key>
	<string>DZ</string>
	<key>American Samoa</key>
	<string>AS</string>
	<key>Andorra</key>
	<string>AD</string>
	<key>Angola</key>
	<string>AO</string>
	<key>Anguilla</key>
	<string>AI</string>
	<key>Antarctica</key>
	<string>AQ</string>
	<key>Antigua and Barbuda</key>
	<string>AG</string>
	<key>Argentina</key>
	<string>AR</string>
	<key>Armenia</key>
	<string>AM</string>
	<key>Aruba</key>
	<string>AW</string>
	<key>Australia</key>
	<string>AU</string>
	<key>Austria</key>
	<string>AT</string>
	<key>Azerbaijan</key>
	<string>AZ</string>
	<key>Bahamas</key>
	<string>BS</string>
	<key>Bahrain</key>
	<string>BH</string>
	<key>Bangladesh</key>
	<string>BD</string>
	<key>Barbados</key>
	<string>BB</string>
	<key>Belarus</key>
	<string>BY</string>
	<key>Belgium</key>
	<string>BE</string>
	<key>Belize</key>
	<string>BZ</string>
	<key>Benin</key>
	<string>BJ</string>
	<key>Bermuda</key>
	<string>BM</string>
	<key>Bhutan</key>
	<string>BT</string>
	<key>Bolivia</key>
	<string>BO</string>
	<key>Bosnia and Herzegovina</key>
	<string>BA</string>
	<key>Botswana</key>
	<string>BW</string>
	<key>Bouvet Island</key>
	<string>BV</string>
	<key>Brazil</key>
	<string>BR</string>
	<key>British Indian Ocean Territory</key>
	<string>IO</string>
	<key>Brunei Darussalam</key>
	<string>BN</string>
	<key>Bulgaria</key>
	<string>BG</string>
	<key>Burkina Faso</key>
	<string>BF</string>
	<key>Burundi</key>
	<string>BI</string>
	<key>Cambodia</key>
	<string>KH</string>
	<key>Cameroon</key>
	<string>CM</string>
	<key>Canada</key>
	<string>CA</string>
	<key>Cape Verde</key>
	<string>CV</string>
	<key>Cayman Islands</key>
	<string>KY</string>
	<key>Central African Republic</key>
	<string>CF</string>
	<key>Chad</key>
	<string>TD</string>
	<key>Chile</key>
	<string>CL</string>
	<key>China</key>
	<string>CN</string>
	<key>Christmas Island</key>
	<string>CX</string>
	<key>Cocos (Keeling) Islands</key>
	<string>CC</string>
	<key>Colombia</key>
	<string>CO</string>
	<key>Comoros</key>
	<string>KM</string>
	<key>Congo</key>
	<string>CG</string>
	<key>Congo, The Democratic Republic of the</key>
	<string>CD</string>
	<key>Cook Islands</key>
	<string>CK</string>
	<key>Costa Rica</key>
	<string>CR</string>
	<key>Croatia</key>
	<string>HR</string>
	<key>Cuba</key>
	<string>CU</string>
	<key>Cyprus</key>
	<string>CY</string>
	<key>Czech Republic</key>
	<string>CZ</string>
	<key>Côte D'ivoire</key>
	<string>CI</string>
	<key>Denmark</key>
	<string>DK</string>
	<key>Djibouti</key>
	<string>DJ</string>
	<key>Dominica</key>
	<string>DM</string>
	<key>Dominican Republic</key>
	<string>DO</string>
	<key>Ecuador</key>
	<string>EC</string>
	<key>Egypt</key>
	<string>EG</string>
	<key>El Salvador</key>
	<string>SV</string>
	<key>Equatorial Guinea</key>
	<string>GQ</string>
	<key>Eritrea</key>
	<string>ER</string>
	<key>Estonia</key>
	<string>EE</string>
	<key>Ethiopia</key>
	<string>ET</string>
	<key>Falkland Islands (Malvinas)</key>
	<string>FK</string>
	<key>Faroe Islands</key>
	<string>FO</string>
	<key>Fiji</key>
	<string>FJ</string>
	<key>Finland</key>
	<string>FI</string>
	<key>France</key>
	<string>FR</string>
	<key>French Guiana</key>
	<string>GF</string>
	<key>French Polynesia</key>
	<string>PF</string>
	<key>French Southern Territories</key>
	<string>TF</string>
	<key>Gabon</key>
	<string>GA</string>
	<key>Gambia</key>
	<string>GM</string>
	<key>Georgia</key>
	<string>GE</string>
	<key>Germany</key>
	<string>DE</string>
	<key>Ghana</key>
	<string>GH</string>
	<key>Gibraltar</key>
	<string>GI</string>
	<key>Greece</key>
	<string>GR</string>
	<key>Greenland</key>
	<string>GL</string>
	<key>Grenada</key>
	<string>GD</string>
	<key>Guadeloupe</key>
	<string>GP</string>
	<key>Guam</key>
	<string>GU</string>
	<key>Guatemala</key>
	<string>GT</string>
	<key>Guernsey</key>
	<string>GG</string>
	<key>Guinea</key>
	<string>GN</string>
	<key>Guinea-Bissau</key>
	<string>GW</string>
	<key>Guyana</key>
	<string>GY</string>
	<key>Haiti</key>
	<string>HT</string>
	<key>Heard Island and Mcdonald Islands</key>
	<string>HM</string>
	<key>Holy See (Vatican City State)</key>
	<string>VA</string>
	<key>Honduras</key>
	<string>HN</string>
	<key>Hong Kong</key>
	<string>HK</string>
	<key>Hungary</key>
	<string>HU</string>
	<key>Iceland</key>
	<string>IS</string>
	<key>India</key>
	<string>IN</string>
	<key>Indonesia</key>
	<string>ID</string>
	<key>Iran, Islamic Republic of</key>
	<string>IR</string>
	<key>Iraq</key>
	<string>IQ</string>
	<key>Ireland</key>
	<string>IE</string>
	<key>Isle of Man</key>
	<string>IM</string>
	<key>Israel</key>
	<string>IL</string>
	<key>Italy</key>
	<string>IT</string>
	<key>Jamaica</key>
	<string>JM</string>
	<key>Japan</key>
	<string>JP</string>
	<key>Jersey</key>
	<string>JE</string>
	<key>Jordan</key>
	<string>JO</string>
	<key>Kazakhstan</key>
	<string>KZ</string>
	<key>Kenya</key>
	<string>KE</string>
	<key>Kiribati</key>
	<string>KI</string>
	<key>Korea, Democratic People's Republic of</key>
	<string>KP</string>
	<key>Kuwait</key>
	<string>KW</string>
	<key>Kyrgyzstan</key>
	<string>KG</string>
	<key>Lao People's Democratic Republic</key>
	<string>LA</string>
	<key>Latvia</key>
	<string>LV</string>
	<key>Lebanon</key>
	<string>LB</string>
	<key>Lesotho</key>
	<string>LS</string>
	<key>Liberia</key>
	<string>LR</string>
	<key>Libyan Arab Jamahiriya</key>
	<string>LY</string>
	<key>Liechtenstein</key>
	<string>LI</string>
	<key>Lithuania</key>
	<string>LT</string>
	<key>Luxembourg</key>
	<string>LU</string>
	<key>Macao</key>
	<string>MO</string>
	<key>Macedonia, The Former Yugoslav Republic Of</key>
	<string>MK</string>
	<key>Madagascar</key>
	<string>MG</string>
	<key>Malawi</key>
	<string>MW</string>
	<key>Malaysia</key>
	<string>MY</string>
	<key>Maldives</key>
	<string>MV</string>
	<key>Mali</key>
	<string>ML</string>
	<key>Malta</key>
	<string>MT</string>
	<key>Marshall Islands</key>
	<string>MH</string>
	<key>Martinique</key>
	<string>MQ</string>
	<key>Mauritania</key>
	<string>MR</string>
	<key>Mauritius</key>
	<string>MU</string>
	<key>Mayotte</key>
	<string>YT</string>
	<key>Mexico</key>
	<string>MX</string>
	<key>Micronesia, Federated States of</key>
	<string>FM</string>
	<key>Moldova, Republic of</key>
	<string>MD</string>
	<key>Monaco</key>
	<string>MC</string>
	<key>Mongolia</key>
	<string>MN</string>
	<key>Montenegro</key>
	<string>ME</string>
	<key>Montserrat</key>
	<string>MS</string>
	<key>Morocco</key>
	<string>MA</string>
	<key>Mozambique</key>
	<string>MZ</string>
	<key>Myanmar</key>
	<string>MM</string>
	<key>Namibia</key>
	<string>NA</string>
	<key>Nauru</key>
	<string>NR</string>
	<key>Nepal</key>
	<string>NP</string>
	<key>Netherlands</key>
	<string>NL</string>
	<key>Netherlands Antilles</key>
	<string>AN</string>
	<key>New Caledonia</key>
	<string>NC</string>
	<key>New Zealand</key>
	<string>NZ</string>
	<key>Nicaragua</key>
	<string>NI</string>
	<key>Niger</key>
	<string>NE</string>
	<key>Nigeria</key>
	<string>NG</string>
	<key>Niue</key>
	<string>NU</string>
	<key>Norfolk Island</key>
	<string>NF</string>
	<key>Northern Mariana Islands</key>
	<string>MP</string>
	<key>Norway</key>
	<string>NO</string>
	<key>Oman</key>
	<string>OM</string>
	<key>Pakistan</key>
	<string>PK</string>
	<key>Palau</key>
	<string>PW</string>
	<key>Palestinian Territory, Occupied</key>
	<string>PS</string>
	<key>Panama</key>
	<string>PA</string>
	<key>Papua New Guinea</key>
	<string>PG</string>
	<key>Paraguay</key>
	<string>PY</string>
	<key>Peru</key>
	<string>PE</string>
	<key>Philippines</key>
	<string>PH</string>
	<key>Pitcairn</key>
	<string>PN</string>
	<key>Poland</key>
	<string>PL</string>
	<key>Portugal</key>
	<string>PT</string>
	<key>Puerto Rico</key>
	<string>PR</string>
	<key>Qatar</key>
	<string>QA</string>
	<key>Reunion</key>
	<string>RE</string>
	<key>Romania</key>
	<string>RO</string>
	<key>Russian Federation</key>
	<string>RU</string>
	<key>Rwanda</key>
	<string>RW</string>
	<key>Saint Barthélemy</key>
	<string>BL</string>
	<key>Saint Helena</key>
	<string>SH</string>
	<key>Saint Kitts and Nevis</key>
	<string>KN</string>
	<key>Saint Lucia</key>
	<string>LC</string>
	<key>Saint Martin</key>
	<string>MF</string>
	<key>Saint Pierre and Miquelon</key>
	<string>PM</string>
	<key>Saint Vincent and the Grenadines</key>
	<string>VC</string>
	<key>Samoa</key>
	<string>WS</string>
	<key>San Marino</key>
	<string>SM</string>
	<key>Sao Tome and Principe</key>
	<string>ST</string>
	<key>Saudi Arabia</key>
	<string>SA</string>
	<key>Senegal</key>
	<string>SN</string>
	<key>Serbia</key>
	<string>RS</string>
	<key>Seychelles</key>
	<string>SC</string>
	<key>Sierra Leone</key>
	<string>SL</string>
	<key>Singapore</key>
	<string>SG</string>
	<key>Slovakia</key>
	<string>SK</string>
	<key>Slovenia</key>
	<string>SI</string>
	<key>Solomon Islands</key>
	<string>SB</string>
	<key>Somalia</key>
	<string>SO</string>
	<key>South Africa</key>
	<string>ZA</string>
	<key>South Georgia and the South Sandwich Islands</key>
	<string>GS</string>
	<key>South Korea</key>
	<string>KR</string>
	<key>Spain</key>
	<string>ES</string>
	<key>Sri Lanka</key>
	<string>LK</string>
	<key>Sudan</key>
	<string>SD</string>
	<key>Suriname</key>
	<string>SR</string>
	<key>Svalbard and Jan Mayen</key>
	<string>SJ</string>
	<key>Swaziland</key>
	<string>SZ</string>
	<key>Sweden</key>
	<string>SE</string>
	<key>Switzerland</key>
	<string>CH</string>
	<key>Syrian Arab Republic</key>
	<string>SY</string>
	<key>Taiwan, Province of China</key>
	<string>TW</string>
	<key>Tajikistan</key>
	<string>TJ</string>
	<key>Tanzania, United Republic of</key>
	<string>TZ</string>
	<key>Thailand</key>
	<string>TH</string>
	<key>Timor-Leste</key>
	<string>TL</string>
	<key>Togo</key>
	<string>TG</string>
	<key>Tokelau</key>
	<string>TK</string>
	<key>Tonga</key>
	<string>TO</string>
	<key>Trinidad and Tobago</key>
	<string>TT</string>
	<key>Tunisia</key>
	<string>TN</string>
	<key>Turkey</key>
	<string>TR</string>
	<key>Turkmenistan</key>
	<string>TM</string>
	<key>Turks and Caicos Islands</key>
	<string>TC</string>
	<key>Tuvalu</key>
	<string>TV</string>
	<key>Uganda</key>
	<string>UG</string>
	<key>Ukraine</key>
	<string>UA</string>
	<key>United Arab Emirates</key>
	<string>AE</string>
	<key>United Kingdom</key>
	<string>GB</string>
	<key>United States</key>
	<string>US</string>
	<key>United States Minor Outlying Islands</key>
	<string>UM</string>
	<key>Uruguay</key>
	<string>UY</string>
	<key>Uzbekistan</key>
	<string>UZ</string>
	<key>Vanuatu</key>
	<string>VU</string>
	<key>Venezuela</key>
	<string>VE</string>
	<key>Viet Nam</key>
	<string>VN</string>
	<key>Virgin Islands, British</key>
	<string>VG</string>
	<key>Virgin Islands, U.S.</key>
	<string>VI</string>
	<key>Wallis and Futuna</key>
	<string>WF</string>
	<key>Western Sahara</key>
	<string>EH</string>
	<key>World</key>
	<string>WW</string>
	<key>Yemen</key>
	<string>YE</string>
	<key>Zambia</key>
	<string>ZM</string>
	<key>Zimbabwe</key>
	<string>ZW</string>
	<key>Åland Islands</key>
	<string>AX</string>
</dict>
</plist>
